"FeatureID","FeatureName","Phase","Category","Vendors","FreeRADIUSDictionary","RFCsAndStandards","Priority","Dependencies","EstimatedComplexity","CurrentImplementationStatus","MissingFunctionality","RequiredBackendWork","RequiredPacketProcessingWork","RequiredPolicyEngineWork","RequiredDatabaseWork","RequiredAPIWork","RequiredUIWork","RequiredTesting","RequiredDocumentation","AcceptanceCriteria","ProductionReadinessCriteria"
"NAS-0001","Production IANA PEN and lab migration","Phase 0 - Core Architecture","Architecture","AegisNAS; all peers","dictionary.aegisnas","RFC 2865","Critical","None","M","Complete","No software implementation remains; IANA assignment and deployment evidence are tracked in the NAS-0001 release certification checklist.","Create versioned core services, generated contracts, migration tooling, validation, and failure-safe rollout.","Update shared codec/registry paths where wire behavior applies; preserve unknown evidence and reject malformed input.","Define ownership, trust, precedence, enablement, and not-applicable governance.","Add normalized schemas, provenance/version fields, indexes, retention, and HA migration rules.","Expose versioned OpenAPI discovery, preview, lifecycle state, evidence, pagination, and stable errors.","Add lifecycle/evidence views, dependency warnings, migration preview, and operator controls.","Unit, migration, golden-registry, property, compatibility, downgrade, and rollback tests.","Architecture decision record, migration guide, schema/registry contract, and operator runbook.","All software behavior for Production IANA PEN and lab migration passes automated tests and exposes lifecycle state and evidence; external validation is tracked separately.","Engineering readiness requires a fail-closed identity lifecycle, secure confirmation, reversible migration, complete documentation, automated tests, and zero unresolved Critical software defects."
"NAS-0002","Generated typed attribute registry","Phase 0 - Core Architecture","Architecture","All 196 namespaces","All 246 dictionary files","RFC 2865","Critical","NAS-0001","XL","Complete","No software implementation remains; environment-dependent evidence is tracked in the NAS-0002 release certification checklist.","Create versioned core services, generated contracts, migration tooling, validation, and failure-safe rollout.","Update shared codec/registry paths where wire behavior applies; preserve unknown evidence and reject malformed input.","Define ownership, trust, precedence, enablement, and not-applicable governance.","Add normalized schemas, provenance/version fields, indexes, retention, and HA migration rules.","Expose versioned OpenAPI discovery, preview, lifecycle state, evidence, pagination, and stable errors.","Add lifecycle/evidence views, dependency warnings, migration preview, and operator controls.","Unit, migration, golden-registry, property, compatibility, downgrade, and rollback tests.","Architecture decision record, migration guide, schema/registry contract, and operator runbook.","All software behavior for Generated typed attribute registry passes automated unit, integration, negative, packet, API, UI, generation, upgrade-contract, and regression tests; external validation is tracked separately.","Engineering readiness requires a deterministic source hash, fail-closed validation, bounded APIs, HA-safe immutable state, complete documentation, automated tests, and zero unresolved Critical software defects."
"NAS-0003","Dictionary release, alias, and firmware profiles","Phase 0 - Core Architecture","Architecture","All vendors","All vendor dictionaries","RFC 2865;RFC 2866;RFC 5176;RFC 6614;RFC 9813","Critical","NAS-0001;NAS-0002","L","Complete","No software implementation remains; firmware and deployment evidence are tracked in the NAS-0003 release certification checklist.","Implemented immutable release profiles, alias normalization, firmware scopes, source hash binding, config validation, readiness checks, OpenAPI, and UI visibility.","Registry entries carry release_profile_id and semantic_provenance; registry cursors are release/hash/filter bound.","Profile owns canonical aliases, firmware scope, support state, and external evidence state until NAS-0004 separates evidence lifecycle.","No migration required because the profile is immutable build-time state; HA safety is enforced by matching release profile ID and source hash.","Added dictionary release profile API, release-bound attribute registry query, OpenAPI discovery, and stable errors.","Added Vendor Compatibility release profile panel with alias and firmware scope evidence.","Unit, API, config, readiness, OpenAPI, UI, browser, and CI target coverage added.","Added dictionary release profile architecture/operator guide and release certification checklist.","All software behavior for Dictionary release, alias, and firmware profiles passes automated tests and exposes effective state; external validation is tracked separately.","Engineering readiness requires deterministic release identity, canonical alias normalization, firmware scopes, source hash binding, HA-safe immutable state, complete documentation, automated tests, and zero unresolved Critical software defects."
"NAS-0004","Evidence-state compatibility model","Phase 0 - Core Architecture","Architecture","All vendors","All vendor dictionaries","No direct RFC; internal architecture and applicable product/security standards","Critical","NAS-0002;NAS-0003","M","Complete","No software implementation remains; vendor hardware and release publication evidence are tracked in the NAS-0004 release certification checklist.","Implemented a schema-versioned evidence ledger, derived evidence records, validation, active-pack readiness handling, and claim-state separation.","Evidence dimensions distinguish dictionary metadata, typed registry, packet decode, reply render, policy wiring, and external certification requirements.","The policy model now separates software_ready, planned, blocked, metadata_only, external_required, and certified claim states without silently promoting certification.","No migration required because software evidence is derived from immutable registry/profile/pack state; signed mutable certification evidence belongs to later release work.","Added /api/v1/system/compatibility-evidence with filters, pagination, stable cursor errors, and OpenAPI discovery.","Added a Vendor Compatibility evidence panel with claim filtering, summary cards, dimensions, blockers, and external-required visibility.","Unit, API, readiness, OpenAPI, RBAC, UI, browser, and CI target coverage added.","Added compatibility evidence architecture/operator guide and release certification checklist.","All software behavior for Evidence-state compatibility model passes automated tests and exposes effective state; external validation is tracked separately.","Engineering readiness requires deterministic derived evidence, no false certified claims, active-pack blocker visibility, HA-safe source hash binding, complete documentation, automated tests, and zero unresolved Critical software defects."
"NAS-0005","Extended, grouped, tagged, and repeated VSA codec","Phase 0 - Core Architecture","Architecture","All vendors; 3GPP; WiMAX; Starent","3GPP; 3GPP2; WiMAX; Starent; all extended dictionaries","RFC 2865","Critical","NAS-0002;NAS-0003","XL","Complete","No software implementation remains; FreeRADIUS transport, vendor hardware, HA, performance, soak, security, and customer evidence are tracked in the NAS-0005 release certification checklist.","Implemented a schema-versioned VSA codec capability report and registry wire-codec metadata for numeric, OID-backed, grouped, repeated, tagged, and extended attributes.","Implemented bounded VSA encode/decode for repeated values, packed subattributes, FreeRADIUS vendor formats, tags, grouped OID/TLV children, and malformed length rejection; existing broker lookup/add helpers now use the shared codec.","Policy claims remain separated from packet codec readiness; grouped telecom/WiMAX/domain semantics stay owned by later feature IDs and are not silently certified.","No migration required because codec state is derived from immutable registry/profile/dictionary metadata; raw pass-through persistence is deferred to NAS-0006.","Added /api/v1/system/vsa-codec with OpenAPI discovery, read-only RBAC, readiness status, supported formats, packet limits, source hashes, and stable response schema.","Added a Vendor Compatibility VSA Codec panel with status, grouped/OID counts, repeated-value limits, supported formats, packet limits, and source hash visibility.","Unit, packet, negative, registry, API, readiness, OpenAPI, RBAC, UI/browser, and CI target coverage added.","Added VSA codec architecture/operator guide and NAS-0005 release certification checklist.","All software behavior for Extended, grouped, tagged, and repeated VSA codec passes automated tests and exposes effective codec state; external validation is tracked separately.","Engineering readiness requires bounded decode/encode, malformed packet rejection, source-hash provenance, HA-safe immutable state, complete documentation, automated tests, and zero unresolved Critical software defects."
"NAS-0006","Bounded opaque attribute pass-through","Phase 0 - Core Architecture","Architecture","All long-tail vendors","All vendor dictionaries","RFC 2865","High","NAS-0002;NAS-0005","L","Complete","No software implementation remains; FreeRADIUS proxy transport, vendor hardware, HA, performance, soak, security, and customer evidence are tracked in the NAS-0006 release certification checklist.","Implemented a schema-versioned bounded opaque pass-through policy service with conservative defaults, config validation, API discovery, readiness reporting, and CI coverage.","Added packet collection and replay for explicitly allowed standard attributes and unknown VSAs using the shared VSA codec; malformed vendor payloads, oversized values, disabled policy, and missing allow rules are rejected with deterministic evidence.","Default action is always drop; explicit rules own standard, vendor, or vendor-attribute pass-through; sensitive credential, EAP, tunnel-secret, and integrity attributes are denied; known native mappings require allow_known.","No migration required because pass-through policy is configuration-derived and raw opaque payloads are not persisted; release evidence is represented by SHA-256 digests and external certification artifacts.","Added /api/v1/system/opaque-passthrough with OpenAPI discovery, read-only RBAC, policy limits, sensitive denylist, registry provenance, and stable readiness status.","Added a Vendor Compatibility Opaque Pass-through panel with effective default action, allow rules, byte budgets, denylist, and source hash visibility.","Unit, config validation, packet, negative, API, readiness, OpenAPI, RBAC, UI/browser, and CI target coverage added.","Added opaque pass-through architecture/operator guide and NAS-0006 release certification checklist; operations, API, external AAA, and example config docs updated.","All software behavior for Bounded opaque attribute pass-through passes automated tests and exposes effective state and evidence; external validation is tracked separately.","Engineering readiness requires default-drop governance, explicit allowlists, bounded packet collection/replay, sensitive attribute denylist, source-hash provenance, HA-safe immutable state, complete documentation, automated tests, and zero unresolved Critical software defects."
"NAS-0007","Enterprise secret and key provider interface","Phase 0 - Core Architecture","Security","All vendors and integrations","All secret-bearing dictionaries","RFC 6614;RFC 9813","Critical","NAS-0001","L","Complete","No software implementation remains; external security audits, hardware, HA, and production secret-manager evidence are tracked in the NAS-0007 release certification checklist.","Implemented centralized env/file secret-provider interfaces, config references, SQLite radius_clients.secret_ref migration, FreeRADIUS generation-time resolution, redacted provider inventory, readiness checks, and UI visibility.","RADIUS and LDAP generation resolve refs only at render/apply time; RadSec fixed application secrets remain certificate-bound; unsupported external providers fail closed until NAS-0112.","Policy separates backward-compatible inline upgrade mode from production reference requirements; generated config fails closed when allow_inline is false.","Added radius_clients.secret_ref while preserving legacy inline secret storage for upgrade; reports expose fingerprints, not values.","Added /api/v1/system/secret-providers, RADIUS-client ref fields, OpenAPI discovery, RBAC, and production readiness integration without secret disclosure.","Added Dashboard secret-provider posture and RADIUS client secret_ref editing.","Unit, config, migration, generator, API, readiness, UI build, and regression tests added.","Added secret provider architecture/operator guide and NAS-0007 release certification checklist; security, operations, API, example config, and roadmap docs updated.","All software behavior for Enterprise secret and key provider interface passes automated tests and exposes redacted lifecycle state; external validation is tracked separately.","Engineering readiness requires deterministic ref validation, bounded env/file resolution, no API/support-bundle value disclosure, HA-safe schema migration, complete documentation, automated tests, and zero unresolved Critical software defects."
"NAS-0008","Production PostgreSQL data plane","Phase 0 - Core Architecture","Architecture","All","N/A","No direct RFC; internal architecture and applicable product/security standards","Critical","NAS-0002","XL","Complete","No software implementation remains; external PostgreSQL server, HA, soak, backup, and customer validation evidence are tracked in the NAS-0008 release certification checklist.","Implemented backend selection, PostgreSQL pgx driver shim, redacted connection plan, dialect-aware migrations, schema v17 backend evidence, startup wiring, FreeRADIUS PostgreSQL SQL rendering, readiness checks, and support-bundle capture.","Existing RADIUS packet codecs and registry paths are unchanged; SQL compatibility translates placeholders, idempotent inserts, and common SQLite time expressions at the driver boundary.","Policy separates lite/lab SQLite from enterprise PostgreSQL requirements; production readiness degrades SQLite and blocks unsafe PostgreSQL TLS modes when required.","Added database_backend_events with backend, status, schema version, and redacted detail JSON; PostgreSQL DDL conversion preserves indexes, booleans, timestamps, and additive migration repairs.","Added /api/v1/system/database, OpenAPI discovery, RBAC, /system/status and production-readiness integration with DSN fingerprints only.","Added Dashboard-ready API evidence and support-bundle artifacts; full UI controls for database migration remain a later release-management enhancement.","Unit, config, migration, generator, API, readiness, support-bundle, and CI target tests added.","Added PostgreSQL data-plane guide and NAS-0008 release certification checklist; operations, security, API, example config, and roadmap docs updated.","All software behavior for Production PostgreSQL data plane passes automated focused tests and exposes redacted lifecycle state; external validation is tracked separately.","Engineering readiness requires deterministic backend validation, no DSN disclosure, dialect-safe migrations, PostgreSQL startup path support, FreeRADIUS SQL generation, complete documentation, automated tests, and zero unresolved Critical software defects."
"NAS-0009","RADIUS packet-server hardening","Phase 1 - AAA Core","AAA Core","All","Standard RADIUS; FreeRADIUS","RFC 2865;RFC 5997","Critical","NAS-0002;NAS-0007","L","Complete","Software implementation complete; external FreeRADIUS, HA, soak, packet-capture, and vendor hardware validation is tracked in nas-0009-release-certification-checklist.md.","Implemented shared packet hardening, generated FreeRADIUS integrity policy, runtime status, bounded event history, readiness checks, API evidence, and CI coverage.","Implemented strict handling for Access, Accounting, Status-Server, CoA/Disconnect, malformed UDP wire packets in the shared validator, and decoded Dynamic Authorization packets in the runtime listener.","Implemented fail-closed source trust, Message-Authenticator policy, Status-Server/Status-Client policy, Proxy-State bounds, replay cache, and rate controls.","Persisted packet hardening decisions, runtime status, retention limits, and schema migration v18.","Added /api/v1/system/radius-hardening, system status embedding, OpenAPI, RBAC, and production readiness evidence.","Added dashboard packet-hardening panel with integrity mode, replay, rate, and rejection counters.","Added unit, integration, packet, config, DB, API, readiness, authorization, OpenAPI, and generator coverage; external hardware evidence is release certification.","Published radius-packet-hardening.md and nas-0009-release-certification-checklist.md.","All software behavior for RADIUS packet-server hardening passes automated tests; API/UI expose effective state and evidence; external real-device and FreeRADIUS lab proof is not a software completion blocker.","Software implementation is 100% complete and ready for external validation; production release sign-off still requires the NAS-0009 release certification checklist."
"NAS-0010","Multi-realm proxy routing table","Phase 1 - AAA Core","AAA Core","All roaming and upstream vendors","Standard RADIUS; FreeRADIUS","RFC 2865","Critical","NAS-0009","L","Complete","Software implementation complete; external FreeRADIUS, vendor hardware, HA, scale, and packet-capture validation is tracked in nas-0010-release-certification-checklist.md.","Implemented config-backed multi-realm proxy route model, route validation, generated FreeRADIUS proxy routing, API/status/readiness evidence, and dashboard visibility.","Implemented generated FreeRADIUS home_server, home_server_pool, realm, DEFAULT, NULL, suffix-aware default fallback, and route-scoped upstream status policy for Access and Accounting proxy paths.","Implemented explicit realm alias routing, default-route behavior, duplicate realm rejection, unknown-server rejection, pool/status inheritance, and fail-fast validation.","No new database schema for NAS-0010; route table is deterministic config state and external route evidence is captured through API/readiness artifacts.","Added /api/v1/system/proxy-routes, system status embedding, OpenAPI, RBAC, and production readiness evidence.","Added dashboard proxy route table summary with route counts, default realm, server bindings, and warnings.","Added config validation, effective route report, generator, API, readiness, authorization, and OpenAPI tests; external hardware evidence is release certification.","Published radius-proxy-routing.md and nas-0010-release-certification-checklist.md; updated admin API and example config.","All software behavior for Multi-realm proxy routing table passes automated tests; API/UI expose effective state and evidence; external real-device and FreeRADIUS lab proof is not a software completion blocker.","Software implementation is 100% complete and ready for external validation; production release sign-off still requires the NAS-0010 release certification checklist."
"NAS-0011","Proxy loop prevention and attribute policy","Phase 1 - AAA Core","AAA Core","All","All dictionaries","RFC 2865","Critical","NAS-0002;NAS-0010","L","Complete","Software implementation complete; external FreeRADIUS loop drills, vendor hardware, HA, scale, and packet-capture validation is tracked in nas-0011-release-certification-checklist.md.","Implemented config-backed route proxy policy, loop-marker controls, trusted source realms, standard/vendor allow-deny selectors, rewrite rules, API/status/readiness evidence, and dashboard visibility.","Implemented generated FreeRADIUS pre-proxy/post-proxy loop marker rejection, marker insertion, trusted realm checks, standard deny rules, and User-Name rewrite actions for Access and Accounting proxy paths.","Implemented fail-closed route policy matching, max-hop checks, explicit loop marker rejection, route trust enforcement, default drop/reject behavior, and packet-level evaluator coverage.","No new database schema for NAS-0011; policy is deterministic config state and external loop/attribute evidence is captured through API/readiness artifacts.","Added /api/v1/system/proxy-policy, system status embedding, OpenAPI, RBAC, and production readiness evidence.","Added dashboard proxy loop and attribute policy summary with route policy, vendor selector, rewrite, and loop marker status.","Added config validation, packet evaluator, generated FreeRADIUS, API, readiness, authorization, OpenAPI, and generator coverage; external hardware evidence is release certification.","Published radius-proxy-policy.md and nas-0011-release-certification-checklist.md; updated admin API and example config.","All software behavior for Proxy loop prevention and attribute policy passes automated tests; API/UI expose effective state and evidence; external real-device and FreeRADIUS lab proof is not a software completion blocker.","Software implementation is 100% complete and ready for external validation; production release sign-off still requires the NAS-0011 release certification checklist."
"NAS-0012","Durable proxy accounting spool","Phase 1 - AAA Core","AAA Core","All","Standard and vendor accounting dictionaries","RFC 2866","Critical","NAS-0008;NAS-0010","L","Complete","Software implementation complete; external FreeRADIUS, vendor hardware, HA, scale, soak, security, and customer validation is tracked in nas-0012-release-certification-checklist.md.","Implemented bounded durable proxy accounting spool, deterministic record IDs, replay worker, backoff, expiry, poison handling, runtime status, readiness checks, and CI coverage.","Implemented failed Accounting-Request transport and unexpected-response spooling, replay through the production accounting packet sender, payload checksum validation, and fast failure for local packet-construction errors.","Implemented config-backed accounting spool policy with queue depth, attempts, retry, TTL, lock, retention, and upstream-enabled gating.","Persisted durable queue records, attempts, payload checksums, outcomes, retry state, expiry, retention, owner node, and schema migration v19.","Added /api/v1/system/accounting-spool, /api/v1/system/accounting-spool/replay, system status embedding, OpenAPI, RBAC, and production readiness evidence.","Added dashboard durable accounting spool summary and Access Settings controls for queue, retry, replay, and retention policy.","Added config validation, DB lifecycle, enqueue/replay/poison, API, readiness, authorization, OpenAPI, migration, and CI target coverage; external hardware evidence is release certification.","Published radius-accounting-spool.md and nas-0012-release-certification-checklist.md; updated admin API, external AAA mode, and example config.","All software behavior for Durable proxy accounting spool passes automated tests; API/UI expose effective state and evidence; external real-device and FreeRADIUS lab proof is not a software completion blocker.","Software implementation is 100% complete and ready for external validation; production release sign-off still requires the NAS-0012 release certification checklist."
"NAS-0013","Dynamic NAS clients and capability discovery","Phase 1 - AAA Core","NAS Management","All access vendors","All NAS dictionaries","RFC 2865","High","NAS-0002;NAS-0007;NAS-0009","L","Complete","Software implementation complete; external FreeRADIUS, vendor hardware, HA, scale, soak, security, and customer validation is tracked in nas-0013-release-certification-checklist.md.","Implemented dynamic NAS enrollment, inventory summary, capability templates, approval/reject/revoke lifecycle, expiry, event history, and readiness reporting.","Implemented unknown-source discovery evidence and approved-client heartbeat updates while preserving fail-closed packet rejection for unapproved sources.","Implemented enrollment trust token, source-IP binding, TTL, max pending queue, approval-required production posture, per-NAS capability gates, and template validation.","Persisted NAS enrollments, capability templates, events, radius_clients dynamic metadata, indexes, and schema migration v20.","Added /api/v1/nas/enroll and /api/v1/system/nas-clients lifecycle/template endpoints with OpenAPI and RBAC.","Added Access Settings dynamic-client controls, Dashboard lifecycle summary, and RADIUS client lifecycle columns.","Added config, migration, DB lifecycle, capability gate, API, RBAC, OpenAPI, readiness, packet-discovery, and CI target coverage; external hardware evidence is release certification.","Published dynamic-nas-clients.md and nas-0013-release-certification-checklist.md; updated admin API, external AAA mode, example config, and roadmap docs.","All software behavior for Dynamic NAS clients and capability discovery passes automated tests; API/UI expose effective state and evidence; external real-device and FreeRADIUS lab proof is not a software completion blocker.","Software implementation is 100% complete and ready for external validation; production release sign-off still requires the NAS-0013 release certification checklist."
"NAS-0014","RadSec TLS-PSK and credential rotation","Phase 1 - AAA Core","AAA Core","Cisco; Juniper; roaming partners","FreeRADIUS TLS configuration","RFC 6614;RFC 8996;RFC 9765;RFC 9813","High","NAS-0007;NAS-0009","L","Complete","Software implementation complete; external Ubuntu FreeRADIUS TLS-PSK proof, vendor hardware, HA, performance, soak, security, and customer validation are tracked in nas-0014-release-certification-checklist.md.","Implemented outbound RadSec TLS-PSK profile generation, deterministic active-window credential selection, redacted credential reporting, readiness integration, and fail-closed expired rotation behavior.","Handled RadSec proxy transport generation for mTLS and TLS-PSK peers while preserving existing Access, Accounting, Status-Server, proxy, CoA/Disconnect, TLS bounds, and malformed configuration validation paths.","Added PSK identity, secret reference, staged next credential, warning, overlap, and fail-closed rotation policy with no automatic UDP downgrade.","No new database migration required; credential state is configuration-backed and status/readiness/history continue to use existing RadSec and upstream observation paths.","Added /api/v1/system/radsec-credentials, OpenAPI, RBAC, system-status embedding, and production-readiness credential checks.","Added Access Settings TLS-PSK editor fields and Dashboard RadSec credential/rotation status.","Added config validation, generator, credential report, handler, RBAC, OpenAPI, readiness, active rotation, invalid secret, and CI target coverage; external transport proof is release certification.","Updated radsec.md, admin-api.md, external-aaa-product-mode.md, the master roadmap, and nas-0014-release-certification-checklist.md.","All software behavior for RadSec TLS-PSK and credential rotation passes automated tests; API/UI expose effective state and evidence; external FreeRADIUS package, vendor device, HA, scale, soak, security, and customer proof is not a software completion blocker.","Software implementation is 100% complete and ready for external validation; production release sign-off still requires the NAS-0014 release certification checklist."
"NAS-0015","Transport downgrade and routing policy","Phase 1 - AAA Core","AAA Core","All","Standard RADIUS; FreeRADIUS","RFC 2865;RFC 6614","Critical","NAS-0010;NAS-0014","M","Complete","Software implementation complete; external FreeRADIUS package proof, packet captures, vendor hardware, HA, performance, soak, security, and customer validation are tracked in nas-0015-release-certification-checklist.md.","Implemented a config-backed transport downgrade policy with monitor/enforce modes, fail-closed behavior, route transport requirements, mixed UDP/RadSec detection, and production readiness integration.","Handled proxy generation fail-closed behavior before FreeRADIUS config rendering when enforce mode detects mixed transport downgrade risk or required-transport violations.","Added default any/radsec/udp transport intent, explicit mixed-pool approval, route-level exceptions, and no silent fallback on mixed RadSec/UDP pools.","No new database migration required; policy is deterministic configuration state and runtime evidence is exposed through API/status/readiness artifacts.","Added /api/v1/system/transport-policy with OpenAPI, read-only RBAC, system-status embedding, and production-readiness checks.","Added Access Settings global transport-policy controls and Dashboard transport downgrade status with route risk summaries.","Added config validation, effective policy report, generator-blocking, API, RBAC, OpenAPI, readiness, UI, and CI target coverage; external packet and hardware evidence is release certification.","Published radius-transport-policy.md and nas-0015-release-certification-checklist.md; updated admin API, external AAA mode, proxy routing, example config, and roadmap docs.","All software behavior for Transport downgrade and routing policy passes automated tests; API/UI expose effective state and evidence; external FreeRADIUS lab, vendor device, HA, scale, soak, security, and customer proof is not a software completion blocker.","Software implementation is 100% complete and ready for external validation; production release sign-off still requires the NAS-0015 release certification checklist."
"NAS-0016","Upstream outage and local fallback policy","Phase 1 - AAA Core","AAA Core","All","Standard RADIUS","RFC 2865","High","NAS-0010","M","Complete","Software implementation complete; external FreeRADIUS package proof, upstream outage drills, packet captures, vendor hardware, HA, performance, soak, security, and customer validation are tracked in nas-0016-release-certification-checklist.md.","Implemented a config-backed upstream outage fallback policy with monitor/enforce modes, fail-closed behavior, local/LDAP source controls, identity allowlists, outage windows, hashed audit events, API/status/readiness integration, and UI controls.","Handled portal Access fallback after broker auth transport failure while preserving normal RADIUS Access, Accounting, Status-Server, Proxy, CoA/Disconnect, UDP/TLS, and hardened packet behavior from prior AAA-core features.","Added fail-closed fallback policy semantics with user, realm, and role allowlists plus source controls for local and LDAP identities.","Added schema version 21 with radius_fallback_events for hashed identity decisions, outcomes, retention, timestamps, and structured details.","Added /api/v1/system/fallback-policy with OpenAPI, read-only RBAC, system-status embedding, support bundle capture, and production-readiness checks.","Added Access Settings fallback policy controls and Dashboard fallback status with allowlist, outage, and audit summaries.","Added config validation, policy evaluation, DB, API, RBAC, OpenAPI, readiness, support bundle, UI build, and CI target coverage; external outage and hardware evidence is release certification.","Published radius-fallback-policy.md and nas-0016-release-certification-checklist.md; updated admin API, external AAA mode, implementation notes, example config, and roadmap docs.","All software behavior for Upstream outage and local fallback policy passes automated tests; API/UI expose effective state and evidence; no silent fallback or unsupported claim remains in the software path.","Software implementation is 100% complete and ready for external validation; production release sign-off still requires the NAS-0016 release certification checklist."
"NAS-0017","MAC Authentication Bypass workflow","Phase 2 - Authentication","Authentication","Cisco; Aruba; Juniper; Ruckus; Extreme; HP","Cisco; Aruba; Juniper; Ruckus; Extreme; HP","RFC 2865","Critical","NAS-0009;NAS-0013","L","Complete","Software implementation complete; external FreeRADIUS, vendor hardware, HA, performance, soak, security, and customer evidence are tracked in nas-0017-release-certification-checklist.md.","Implemented MAB policy service, endpoint state machine, profile-linked quarantine, endpoint lifecycle, audit summaries, readiness reports, and support-bundle capture.","Implemented RADIUS-like MAB candidate detection, MAC normalization, NAS-Port-Type eligibility, password-policy evaluation, generated FreeRADIUS authorize entries, and packet-shaped API evaluation.","Implemented endpoint states, unknown endpoint deny/guest/quarantine/fail-open policy, monitor/enforce behavior, fail-closed handling, profile risk quarantine, and role/VLAN/ACL/bandwidth/tenant outputs.","Added schema v25 with mab_endpoints and mab_events plus migration repair, endpoint summaries, event summaries, profile lookup, retention, and normalized MAC hashing.","Added /api/v1/system/mab, /api/v1/system/mab/endpoints, /api/v1/system/mab/endpoints/{mac}, /api/v1/system/mab/evaluate, OpenAPI, RBAC, production readiness, system status, and support-bundle integration.","Added Access Settings MAB controls and Dashboard MAB posture card with mode, endpoint counts, unknown policy, fail-closed state, and decision counters.","Added unit, migration, config, DB, evaluator, generator, API, OpenAPI, RBAC, readiness, support-bundle, and CI target coverage; external device labs remain release certification.","Published mac-authentication-bypass.md and nas-0017-release-certification-checklist.md; updated admin API, external AAA, example config, roadmap, Makefile, and CI documentation surfaces.","All software behavior for MAC Authentication Bypass workflow passes automated tests; API/UI expose effective state and evidence; external real-device and FreeRADIUS lab proof is not a software completion blocker.","Software implementation is 100% complete and ready for external validation; production release sign-off still requires the NAS-0017 release certification checklist."
"NAS-0018","Active Directory Kerberos and winbind","Phase 2 - Authentication","Authentication","Microsoft; enterprise switches","Microsoft; standard RADIUS","RFC 4120; RFC 4511; RFC 4515; RFC 2865; RFC 3748","Critical","NAS-0007;NAS-0008;NAS-0009","XL","Complete","Software implementation complete: AD configuration validation, LDAPS lookup, Kerberos kinit verifier, winbind helper verifier, group cache, health checks, audit history, API, UI, readiness, FreeRADIUS generation, tests, docs, and CI are implemented; external domain and hardware evidence is tracked in nas-0018-release-certification-checklist.md.","Implemented active_directory policy, source executable checks, LDAP/Kerberos/winbind verifier selection, password-on-stdin command execution, isolated Kerberos credential caches, group-to-role mapping, source failover integration, and portal auth integration.","Implemented FreeRADIUS LDAP module generation from AD settings and mschap ntlm_auth generation for winbind-backed PEAP/MSCHAPv2; TEAP and machine/user correlation remain in later roadmap items.","Added fail-closed enforce/monitor behavior, deterministic active-directory source eligibility, group-role mappings, credential-cache integration, and no silent success when the source is not executable.","Added schema v24 active_directory_events, active_directory_group_cache, and active_directory_health_checks with bounded retention and hashed identity/principal storage.","Added /api/v1/system/active-directory, /api/v1/system/active-directory/check, system status identity.active_directory, production readiness active_directory_identity, OpenAPI, RBAC, and support bundle capture.","Added Access Settings controls for AD, Kerberos, winbind, and group mappings plus dashboard runtime status.","Unit/integration coverage added for config validation, verifier behavior, Kerberos cache isolation, DB summaries, failover plan, portal AD source routing/cache, admin API, readiness, support bundles, OpenAPI, and FreeRADIUS LDAP/MSCHAP generation; make test-active-directory is wired into CI.","Added active-directory-kerberos-winbind guide, external AAA test drill, admin API docs, example config, roadmap checkbox, and NAS-0018 release certification checklist.","Software acceptance complete; external Microsoft AD, Samba/winbind, FreeRADIUS-on-Linux, AP/controller, HA, performance, soak, security, and customer evidence is tracked in nas-0018-release-certification-checklist.md.","Release certification requires live domain join validation, Kerberos and winbind drills, packet captures, real supplicant/AP/controller testing, HA validation, performance/soak, security review, and customer acceptance evidence."
"NAS-0019","Identity-source HA and deterministic failover","Phase 2 - Authentication","Authentication","All","Standard RADIUS","No direct RFC; internal architecture and applicable product/security standards","High","NAS-0008;NAS-0018","L","Complete","Software implementation complete: deterministic source order, circuit breaker, stale credential cache, split-result policy, audit history, API, UI, status, readiness, tests, and docs are implemented.","Implemented identity failover policy, source plan, audit report, circuit state, credential cache, and portal fallback integration.","Portal PAP fallback now records source decisions; EAP-specific identity routing remains in later EAP roadmap items.","Added method eligibility, deterministic source precedence, split-result denial, circuit-open skip in enforce mode, and stale-cache recovery when explicitly enabled.","Added identity_source_events and identity_source_cache schema and data-access APIs.","Added /api/v1/system/identity-failover, system status, production readiness, OpenAPI, support bundle capture, and config settings.","Added Access Settings controls and dashboard runtime card.","Unit/integration coverage added for config validation, DB cache/event/circuit behavior, identity reports, portal fallback auditing, API, and readiness.","Added identity-source-failover guide and NAS-0019 release certification checklist.","Software acceptance complete; external LDAP/AD/controller/HA/performance evidence is tracked in nas-0019-release-certification-checklist.md.","Release certification requires real directory failover drills, HA validation, performance/soak, security review, and customer acceptance evidence."
"NAS-0020","OTP and RADIUS challenge MFA","Phase 2 - Authentication","Authentication","All VPN; firewall; admin vendors","Cisco-ASA; VPN3000; Fortinet; PaloAlto; Microsoft","RFC 2865; RFC 4226; RFC 6238","High","NAS-0009;NAS-0018","L","Complete","Software implementation complete; external FreeRADIUS, VPN/firewall, HA, performance, soak, security, and customer validation evidence is tracked in nas-0020-release-certification-checklist.md.","Implemented config-backed MFA policy, encrypted TOTP enrollment, recovery-code lifecycle, challenge state, audit history, reports, and portal step-up integration.","Implemented RADIUS Access-Challenge awareness in the broker client, preserved RFC 2865 State as opaque base64url, and replayed State with second-step OTP requests; EAP-specific method chaining remains in later EAP roadmap items.","Implemented role/realm step-up eligibility, admin step-up, monitor/enforce mode, fail-closed behavior, bounded attempts, and no silent fallback for enforced MFA.","Added mfa_totp_secrets, mfa_recovery_codes, mfa_challenges, and mfa_events schema v23 with repair migration and hashed identity storage.","Added /api/v1/system/mfa, enrollment, verification, recovery-code rotation, system status, production readiness, OpenAPI, RBAC, and support bundle capture.","Added Access Settings controls and dashboard MFA runtime card; captive portal renders OTP challenge state without exposing first-factor credentials.","Unit/integration coverage added for RFC TOTP vectors, encrypted enrollment, recovery-code consumption, challenge state, config validation, broker Access-Challenge parsing, portal step-up, API, readiness, OpenAPI, and support bundles.","Added mfa-radius-challenge guide and NAS-0020 release certification checklist; admin API, external AAA, example config, CI, and roadmap docs updated.","Software acceptance complete; external FreeRADIUS/vendor/HA/performance/soak/security evidence is tracked in nas-0020-release-certification-checklist.md.","Release certification requires production sealing-key custody, real RADIUS challenge packet captures, VPN/firewall/AP interoperability, HA validation, performance/soak, security review, and customer acceptance evidence."
"NAS-0021","WebAuthn/passkey administrative MFA","Phase 2 - Authentication","Authentication","All","N/A","WebAuthn Level 2","High","NAS-0020","L","Complete","Software implementation complete; external browser, authenticator, SSO provider, HA, security, performance, and customer validation evidence is tracked in nas-0021-release-certification-checklist.md.","Implemented config validation, runtime policy, credential lifecycle, challenge ceremonies, audit history, status reports, readiness checks, and support-bundle evidence.","Implemented WebAuthn registration and authentication ceremony verification, including client data, challenge binding, origin, RP ID hash, user presence, user verification, ES256/RS256 signatures, and replay counters; RADIUS/EAP method chaining remains in later EAP roadmap items.","Implemented privileged admin role eligibility, token-login step-up, OIDC/SAML step-up, fail-closed enforcement, monitor allowance, break-glass readiness degradation, and no silent bearer-token bypass in enforce mode.","Added admin_webauthn_credentials, admin_webauthn_challenges, and admin_webauthn_events schema v26 with hashed identifiers, bounded challenge state, credential revocation, and audit retention.","Added /api/v1/system/webauthn, registration, login challenge, login finish, system status, production readiness, OpenAPI, RBAC, and support bundle capture.","Added login passkey step-up, Admin Access enrollment/revocation, Access Settings policy controls, and dashboard runtime status.","Unit/integration coverage added for config validation, migrations, WebAuthn registration/assertion ceremony vectors, replay rejection, API, middleware enforcement, RBAC, readiness, OpenAPI, support bundles, and CI target wiring.","Added admin-webauthn-passkeys guide and NAS-0021 release certification checklist; admin API, external AAA, example config, roadmap, backlog, and CI docs updated.","Software acceptance complete; external browser/authenticator/SSO/HA/performance/soak/security evidence is tracked in nas-0021-release-certification-checklist.md.","Release certification requires production HTTPS origin validation, real authenticators and browsers, SSO provider drills, HA failover, load/abuse tests, security review, and customer acceptance evidence."
"NAS-0022","Extensible EAP method framework","Phase 2 - Authentication","Authentication","All 802.1X vendors","FreeRADIUS; Microsoft; WiFi-Alliance","RFC 3748; RFC 5216; RFC 5281; RFC 7170; RFC 4851; RFC 5931; RFC 4186; RFC 4187; RFC 5448","Critical","NAS-0002;NAS-0009","XL","Complete","Software implementation complete; external FreeRADIUS, supplicant, AP/controller, HA, performance, packet-capture, and customer validation evidence is tracked in nas-0022-release-certification-checklist.md.","Implemented typed EAP framework policy, method catalog, identity-source bindings, vendor compatibility profile model, runtime report, health/readiness checks, and support-bundle evidence.","Integrated method evaluation for PEAP, TTLS, TLS, inner methods, Message-Authenticator presence, certificate requirements, unsupported methods, monitor/enforce behavior, and fail-closed FreeRADIUS generation; TEAP/FAST/PWD/SIM/AKA engines remain in later roadmap items.","Implemented allowed-method policy, identity binding requirements, unsupported method action, telemetry mode, generated-versus-planned method separation, and no silent promotion of cataloged future methods.","Added eap_method_events schema v27 with hashed user and calling-station identifiers, method decisions, packet evidence flags, policy mode, bounded retention, and summaries.","Added /api/v1/system/eap-framework, /api/v1/system/eap-framework/evaluate, system status, production readiness, OpenAPI, RBAC, and support bundle capture.","Added Access Settings controls for framework policy and Dashboard runtime status for methods, blockers, integrity mode, and recent decisions.","Unit/integration coverage added for config validation, EAP catalog/evaluation, DB event summaries/retention, FreeRADIUS generation/fail-closed blocking, API, readiness, OpenAPI, RBAC, support bundles, and CI target wiring.","Added eap-method-framework guide and NAS-0022 release certification checklist; admin API, external AAA, example config, roadmap, backlog, and CI docs updated.","Software acceptance complete; external FreeRADIUS/supplicant/AP/controller/HA/performance/soak/security evidence is tracked in nas-0022-release-certification-checklist.md.","Release certification requires production FreeRADIUS validation, real supplicant and AP/controller tests, packet captures, HA failover, load/fragmentation/malformed tests, security review, and customer acceptance evidence."
"NAS-0023","TEAP and EAP method chaining","Phase 2 - Authentication","Authentication","Cisco; Aruba; Microsoft; enterprise Wi-Fi","Cisco; Aruba; Microsoft; FreeRADIUS TEAP TLVs","RFC 7170;RFC 3748;RFC 2865","High","NAS-0018;NAS-0020;NAS-0022","XL","Complete","No software implementation remains; real supplicant, AP/controller, FreeRADIUS Linux, HA, performance, and security evidence is tracked in nas-0023-release-certification-checklist.md.","Implemented TEAP config, policy reports, chain evaluation, cryptobinding/channel-binding/PAC governance, readiness checks, support bundle capture, and UI controls.","Generated conservative FreeRADIUS rlm_eap_teap configuration when teap is allowed; TEAP chain facts are evaluated with fail-closed rejection semantics and bounded telemetry.","Added machine/user/either chain policy, identity binding, cryptobinding, Identity-Type, PAC, Basic-Password-Auth, EAP-Payload, Result, and TLS-bound decision rules.","Added eap_teap_chain_events schema v28 with hashed identities, TLV evidence, indexes, retention, filters, and summaries.","Added /api/v1/system/eap-framework/teap and /api/v1/system/eap-framework/teap/evaluate with OpenAPI, RBAC, audit, and system-status/readiness integration.","Added Access Settings TEAP controls and Dashboard TEAP health visibility.","Added config, DB, EAP policy, RADIUS generator, API, readiness, OpenAPI, support-bundle, migration, UI build, and CI target coverage; external lab proof is release certification.","Added teap-method-chaining.md and nas-0023-release-certification-checklist.md; updated EAP, API, product-mode, example config, roadmap, and CI docs.","All software behavior for TEAP and EAP method chaining passes automated tests; API/UI expose effective state and evidence; external real-device and FreeRADIUS lab proof is not a software completion blocker.","Software implementation is 100% complete and ready for external validation; production release sign-off still requires the NAS-0023 release certification checklist."
"NAS-0024","EAP-FAST and EAP-PWD","Phase 2 - Authentication","Authentication","Cisco; embedded and Wi-Fi vendors","Cisco; WiFi-Alliance","RFC 4851;RFC 5931","Medium","NAS-0022","L","Complete","No software implementation remains; supplicant, AP/controller, FreeRADIUS-on-Linux, HA, performance, and security evidence are tracked in the NAS-0024 release certification checklist.","Implemented FAST/PWD method adapters, policy evaluation, config validation, dashboard/API visibility, readiness checks, and bounded telemetry.","Generated conservative FreeRADIUS fast/pwd blocks and deterministic rejects for Message-Authenticator, cryptobinding, PAC, group, proof, and replay failures.","Added method eligibility for FAST and PWD with fail-closed blocking, identity binding, PAC governance, strong PWD group rules, and downgrade-safe defaults.","Added eap_fast_pwd_events with hashed identities, NAS context, method evidence, indexes, retention, and migration repair.","Added /api/v1/system/eap-framework/fast-pwd plus evaluate API, OpenAPI discovery, RBAC, system status, and support-bundle capture.","Added Access Settings controls and dashboard health card for FAST/PWD policy and runtime evidence.","Unit, API, config, DB migration, generator, readiness, RBAC, support bundle, CI target, and frontend build coverage added.","Added EAP-FAST/PWD operator guide, config example updates, API docs, product-mode guide updates, roadmap closure, and release certification checklist.","All software behavior for EAP-FAST and EAP-PWD passes automated tests and exposes effective state; external validation is tracked separately.","Engineering readiness requires fail-closed EAP policy, hashed telemetry, generated config safety, bounded retention, UI/API visibility, complete documentation, automated tests, and zero unresolved Critical software defects."
"NAS-0025","EAP-SIM, AKA, and AKA-prime","Phase 2 - Authentication","Authentication","3GPP; 3GPP2; Ericsson; Starent; WiMAX","3GPP; 3GPP2; Ericsson; Starent; WiMAX","RFC 4186;RFC 4187;RFC 5448","High","NAS-0005;NAS-0022","XL","Complete","Software implementation complete; external FreeRADIUS, HSS/HLR/UDM, carrier offload, supplicant, AP/controller, HA, performance, packet-capture, and customer validation evidence is tracked in nas-0025-release-certification-checklist.md.","Implemented typed SIM/AKA method policy, vector-provider reference governance, pseudonym and reauth identity controls, resync policy, AKA-prime network-name/KDF controls, runtime report, health/readiness checks, and support-bundle evidence.","Integrated fail-closed FreeRADIUS generation for sim, aka, and aka_prime blocks with method allowlist and blocking policy validation; real vector exchange packet captures remain external release evidence.","Added method eligibility for SIM, AKA, and AKA-prime, vector freshness gates, triplet/quintuplet requirements, resync/replay rejection, AKA-prime network/KDF validation, and monitor/enforce behavior.","Added eap_sim_aka_events schema v30 with hashed subscriber identities, pseudonyms, reauth identities, network names, vector evidence, resync/replay flags, policy mode, bounded retention, and summaries.","Added /api/v1/system/eap-framework/sim-aka, /api/v1/system/eap-framework/sim-aka/evaluate, system status, production readiness, OpenAPI, RBAC, and support bundle capture.","Added Access Settings controls and Dashboard runtime status for SIM/AKA method generation, vector provider state, privacy/resync policy, counters, blockers, and recent decisions.","Unit/integration coverage added for config validation, SIM/AKA catalog/evaluation, DB event summaries/retention, FreeRADIUS generation/fail-closed blocking, API, readiness, OpenAPI, RBAC, support bundles, and CI target wiring.","Added eap-sim-aka guide and NAS-0025 release certification checklist; EAP framework, admin API, external AAA, example config, roadmap, backlog, and CI docs updated.","Software acceptance complete; external FreeRADIUS/HSS/HLR/UDM/supplicant/AP/controller/HA/performance/soak/security evidence is tracked in nas-0025-release-certification-checklist.md.","Release certification requires production FreeRADIUS validation, vector-provider integration, real supplicant and AP/controller tests, packet captures, HA failover, load/malformed/replay tests, security review, and customer acceptance evidence."
"NAS-0026","Machine and user authentication correlation","Phase 2 - Authentication","Authentication","Microsoft; Cisco; Aruba; HP","Microsoft; Cisco; Aruba; HP","RFC 3748;RFC 2865;RFC 5176;RFC 7170","High","NAS-0018;NAS-0023","L","Complete","Software implementation complete; external Windows, Microsoft NPS, Cisco ISE, Aruba ClearPass, HP/Aruba switch/WLAN, FreeRADIUS Linux, HA, performance, packet-capture, and customer validation evidence is tracked in nas-0026-release-certification-checklist.md.","Implemented typed machine/user correlation policy, method allowlists, freshness windows, same-client and same-NAS binding, machine-before-user checks, role merge, conflict/quarantine handling, runtime report, health/readiness checks, and support-bundle evidence.","Integrated deterministic EAP/TEAP evidence evaluation for Message-Authenticator, TEAP completion, Identity-Type, Crypto-Binding, replay, machine/user method eligibility, stale evidence, and same-client binding; real packet captures remain external release evidence.","Added method eligibility, machine/user chaining, stale-machine policy, conflict policy, role precedence, quarantine, monitor/enforce behavior, and no silent fallback in fail-closed mode.","Added eap_machine_user_correlations and eap_machine_user_session_state schema v31 with hashed identities, calling-station hashes, correlation keys, state indexes, bounded event retention, and active-state caps.","Added /api/v1/system/eap-framework/machine-user, /api/v1/system/eap-framework/machine-user/evaluate, system status, production readiness, OpenAPI, RBAC, and support bundle capture.","Added Access Settings controls and Dashboard runtime status for machine/user mode, TEAP dependency, active correlations, stale/conflict/quarantine counters, blockers, and recent decisions.","Unit/integration coverage added for config validation, machine/user evaluation, DB event/state summaries and retention, API, readiness, OpenAPI, RBAC, support bundles, migrations, CI target wiring, and frontend build coverage.","Added eap-machine-user-correlation guide and NAS-0026 release certification checklist; EAP framework, admin API, external AAA, example config, roadmap, backlog, and CI docs updated.","Software acceptance complete; external Windows/NPS/ISE/ClearPass/HP-Aruba/supplicant/AP/controller/HA/performance/soak/security evidence is tracked in nas-0026-release-certification-checklist.md.","Release certification requires production FreeRADIUS validation, real Windows machine/user transition tests, Microsoft NPS, Cisco ISE, Aruba ClearPass, HP/Aruba switch/WLAN interoperability, packet captures, HA failover, load/malformed/replay tests, security review, and customer acceptance evidence."
"NAS-0027","Enterprise certificate lifecycle and enrollment protocols","Phase 2 - Authentication","Authentication","All 802.1X vendors","Standard RADIUS; FreeRADIUS","RFC 5280;RFC 7030;RFC 8894","Critical","NAS-0007;NAS-0022","XL","Complete","Software implementation complete; external EST/SCEP/BYOD, FreeRADIUS, vendor hardware, HA, performance, soak, security, and customer evidence are tracked in nas-0027-release-certification-checklist.md.","Implemented certificate lifecycle policy, CSR parsing, proof-of-possession, device binding, issuer/template governance, renewal, escrow, revocation decisions, readiness, status, and support-bundle evidence.","Implemented EAP-TLS lifecycle evidence evaluation over packet-shaped API requests, CSR subject/SAN/key validation, CRL/OCSP reachability checks, renewal/revocation gates, and fail-closed monitor/enforce decisions; live packet captures remain external release evidence.","Implemented template and issuer eligibility, EST/SCEP/BYOD/Admin/API protocol gates, key policy, subjectAltName, escrow, renewal window, issuer rotation, revocation readiness, and no silent fallback in fail-closed mode.","Added schema v32 certificate_lifecycle_events and certificate_lifecycle_inventory with hashed subjects/SANs/serials/devices, bounded retention, inventory lifecycle, summaries, and migration repair.","Added /api/v1/system/certificate-lifecycle and /api/v1/system/certificate-lifecycle/evaluate with OpenAPI, RBAC, system status, production readiness, and support-bundle integration.","Added Access Settings controls for certificate lifecycle policy and Dashboard runtime status for issuer, template, revocation, renewal, inventory, blockers, and recent decisions.","Unit/integration coverage added for config validation, CSR/key evaluation, DB event/inventory retention, API, readiness, OpenAPI, RBAC, support bundles, migrations, CI target wiring, and frontend build coverage; external interop remains release certification.","Added certificate-lifecycle guide and NAS-0027 release certification checklist; admin API, external AAA, example config, roadmap, backlog, Makefile, and CI docs updated.","Software acceptance complete; APIs/UI expose effective state and evidence; automated tests cover software behavior; external FreeRADIUS/vendor/HA/performance/soak/security evidence is not a software completion blocker.","Software implementation is 100% complete and ready for external validation; production release sign-off still requires the NAS-0027 release certification checklist."
"NAS-0028","Password lifecycle and supplicant profile delivery","Phase 2 - Authentication","Authentication","Microsoft; Apple; Android; all Wi-Fi","Microsoft; WiFi-Alliance","RFC 5216;RFC 9190","High","NAS-0018;NAS-0022;NAS-0027","L","Complete","Software implementation complete; external Windows, macOS, iOS, Android, Linux, MDM, AP/controller, FreeRADIUS, HA, performance, soak, security, and customer evidence are tracked in nas-0028-release-certification-checklist.md.","Implemented supplicant lifecycle policy, password expiry and change decisions, verifier compatibility, platform profile generation, trust-anchor pinning, server-name matching, signing-key governance, status, readiness, support-bundle evidence, and portal delivery.","Implemented packet-shaped password/profile evaluation with platform, EAP method, inner method, identity source, TLS evidence, MFA, verifier compatibility, delivery token, signing, trust-anchor, server-name, and certificate lifecycle gates; live packet captures remain external release evidence.","Implemented EAP method eligibility, password-change-required state, MFA-gated password changes, verifier compatibility, TLS-only delivery, signed profile enforcement, trust-anchor pinning, server-name matching, monitor/enforce behavior, and no silent fallback in fail-closed mode.","Added schema v33 supplicant_lifecycle_events and supplicant_profile_deliveries with hashed usernames/devices, bounded retention, profile-delivery inventory, summaries, and migration repair.","Added /api/v1/system/supplicant-lifecycle, /api/v1/system/supplicant-lifecycle/evaluate, and /api/v1/system/supplicant-lifecycle/profile with OpenAPI, RBAC, system status, production readiness, support-bundle integration, and secret-provider visibility for profile_signing_key_ref.","Added Access Settings controls for password/profile policy and Dashboard runtime status for SSID, platforms, methods, signing, trust pins, active profiles, blockers, and recent decisions; portal exposes signed profile package downloads.","Unit/integration coverage added for config validation, policy evaluation, signed profile rendering, DB event/profile retention, API, readiness, OpenAPI, RBAC, support bundles, migrations, CI target wiring, and frontend build coverage; external interop remains release certification.","Added supplicant-lifecycle guide and NAS-0028 release certification checklist; admin API, external AAA, example config, roadmap, backlog, Makefile, and CI docs updated.","Software acceptance complete; APIs/UI/portal expose effective state and evidence; automated tests cover software behavior; external supplicant/vendor/HA/performance/soak/security evidence is not a software completion blocker.","Software implementation is 100% complete and ready for external validation; production release sign-off still requires the NAS-0028 release certification checklist."
"NAS-0029","Typed policy expression engine","Phase 3 - Authorization","Authorization","All","All dictionaries","RFC 2865","Critical","NAS-0002;NAS-0008","XL","Complete","Software implementation complete; external FreeRADIUS, vendor hardware, HA, performance, soak, security, and customer validation are tracked in nas-0029-release-certification-checklist.md.","Implemented typed authorization evaluator, field/operator catalog, legacy condition compiler, deterministic rule precedence, conflict detection, policy-set/request hashes, explain traces, standalone policy-service detailed evaluation, and production readiness evidence.","Mapped trusted request attributes into typed decision inputs with bounded field support for identity, groups, realm, tenant, device, posture, risk, NAS, SSID, IP/CIDR, VLAN, time, and attribute-bag facts; live packet captures remain external release evidence.","Implemented all/any/not expression semantics, leaf operators, legacy migration behavior, deny stop-processing, quarantine action behavior, default deny, conflict notes, fail-closed config validation, and typed-rule migration governance.","Added schema v34 policy_engine_evaluations with redacted username/calling-station hashes, policy-set hash, request hash, matched rules, conflicts, traces, request summaries, latency, bounded retention, and migration repair.","Added /api/v1/system/policy-engine, /api/v1/system/policy-engine/validate, /api/v1/system/policy-engine/evaluate, standalone /api/v1/evaluate-detailed and /api/v1/catalog, OpenAPI, RBAC, system status, support-bundle, and production-readiness integration.","Added Policies page typed/legacy/valid posture and safer typed-expression defaults plus Dashboard typed policy engine status with rule posture, catalog counts, retained decisions, and migration warnings.","Unit/integration coverage added for typed expressions, legacy compilation, CIDR/time/numeric operators, conflict detection, DB persistence and retention, config validation, API evaluate/validate/report, RBAC, OpenAPI, support bundle, readiness, migration, CI target wiring, and frontend build coverage; external interop remains release certification.","Added typed-policy-engine guide and NAS-0029 release certification checklist; admin API, external AAA, example config, roadmap, backlog, Makefile, and CI docs updated.","Software acceptance complete; APIs/UI expose effective state and evidence; automated tests cover software behavior; external FreeRADIUS/vendor/HA/performance/soak/security evidence is not a software completion blocker.","Software implementation is 100% complete and ready for external validation; production release sign-off still requires the NAS-0029 release certification checklist."
"NAS-0030","Nested policy sets and versioned approvals","Phase 3 - Authorization","Authorization","All","All dictionaries","No direct RFC; internal architecture and applicable product/security standards","Critical","NAS-0029","L","Complete","No software implementation remains; external FreeRADIUS, vendor hardware, HA, performance, soak, security, and customer validation are tracked in nas-0030-release-certification-checklist.md.","Implemented nested policy-set schema, immutable versions, maker-checker approvals, submit/approve/reject/activate/rollback lifecycle, active-version evaluation, policy-rule mirroring for backward compatibility, support evidence, and governance checks.","Active policy versions feed the typed policy evaluator by flattening bounded nested sets into deterministic authorization rules; live packet capture validation remains external release evidence.","Implemented nested set normalization, depth limits, deterministic flattening and hashing, version comparison, simulation hooks, approval gates, activation rollback semantics, and legacy fallback behavior.","Added schema v35 with policy_set_versions, policy_set_approvals, policy_set_activation_events, and policy_set_simulations plus migration repair/ensure paths and summary helpers.","Added /api/v1/system/policy-sets report, version list/create/get, submit, approve, reject, activate, rollback, compare, simulate endpoints with OpenAPI, RBAC, support bundle, system status, and production-readiness integration.","Added Policies page controls for policy-set lifecycle actions and Dashboard policy-set status, active version, pending approvals, version counts, and approval evidence.","Unit/integration coverage added for nested policy sets, hashing, diffing, depth validation, DB lifecycle, maker-checker behavior, activation, rollback, simulation, API authorization, OpenAPI, support bundle, readiness, config validation, migration, CI target wiring, and frontend build coverage; external interop remains release certification.","Added versioned policy sets guide and NAS-0030 release certification checklist; admin API, external AAA, typed policy engine, example config, roadmap, backlog, Makefile, and CI docs updated.","Software acceptance complete; APIs/UI expose effective state and evidence; automated tests cover software behavior; external FreeRADIUS/vendor/HA/performance/soak/security evidence is not a software completion blocker.","Software implementation is 100% complete and ready for external validation; production release sign-off still requires the NAS-0030 release certification checklist."
"NAS-0031","Policy simulation, conflict, and shadow analysis","Phase 3 - Authorization","Authorization","All","All dictionaries","No direct RFC; internal architecture and applicable product/security standards","High","NAS-0029;NAS-0030","L","Complete","No software implementation remains; external FreeRADIUS replay, vendor hardware, HA, performance, soak, security, and customer validation are tracked in nas-0031-release-certification-checklist.md.","Implemented candidate-vs-active replay analysis, blast-radius counters, risk classification, shadowed-rule and ineffective-rule detection, replay-safe snapshots, persisted analysis evidence, readiness, support bundle, and UI summaries.","Replay uses sanitized retained policy evaluation facts or explicit manual samples; live packet capture validation remains external release evidence.","Implemented deterministic active/candidate evaluation comparison, decision delta classification, bounded replay, conflict aggregation, invalid-rule tracking, shadow and rule-impact analysis, and activation recommendations.","Added schema v36 with policy_engine_evaluations.request_replay_json and policy_simulation_analyses with risk, counters, hashes, actor, summaries, full results, indexes, retention, and migration repair.","Added /api/v1/system/policy-sets/versions/{id}/analyze and /api/v1/system/policy-sets/analyses with OpenAPI, RBAC, system status, support bundle, and production-readiness integration.","Added Policies page analysis action plus Dashboard and Policies blast-radius summaries for risk, sample count, decision changes, shadowed rules, and ineffective rules.","Unit/integration coverage added for analyzer deltas, risk classification, shadow/ineffective rules, DB replay and analysis persistence, API analysis flow, replay redaction, authorization, OpenAPI, support bundle, readiness, migration, CI target wiring, and frontend build coverage; external interop remains release certification.","Added policy-simulation-analysis guide and NAS-0031 release certification checklist; admin API, external AAA, typed policy engine, versioned policy sets, example config, roadmap, backlog, Makefile, and CI docs updated.","Software acceptance complete; APIs/UI expose effective state and evidence; automated tests cover software behavior; external FreeRADIUS/vendor/HA/performance/soak/security evidence is not a software completion blocker.","Software implementation is 100% complete and ready for external validation; production release sign-off still requires the NAS-0031 release certification checklist."
"NAS-0032","Per-service authorization and subscriber chains","Phase 3 - Authorization","Authorization","Juniper ERX; Huawei; H3C; Nokia SR; Starent","ERX; Huawei; H3C; Alcatel-Lucent-Service-Router; Starent","RFC 2865","High","NAS-0029","XL","Complete","No software implementation remains; external FreeRADIUS, BNG/NAS hardware, HA, performance, soak, security, and customer validation are tracked in nas-0032-release-certification-checklist.md.","Implemented typed service_chain intents, ordering, dependency validation, service-chain merge/conflict behavior, policy simulation deltas, and bounded configuration.","Mapped policy-derived service-chain decisions into AegisNAS product reply VSAs with compact service-chain and service-name hints; vendor-specific BNG packet proof remains external certification.","Implemented deterministic service-chain validation, deny-rule protection, policy-set hashing, decision fingerprinting, and simulation service-chain change counters.","Added schema v37 with policy_rules.service_chain_json, policy_simulation_analyses.service_chain_change_count, subscriber_service_chains, subscriber_service_events, subscriber_service_accounting, indexes, and repair migration.","Added /api/v1/system/subscriber-service-chains report, preview, activate, and rollback APIs with RBAC, OpenAPI, system status, production-readiness, and support-bundle integration.","Added Access Settings service-chain status panel and max_service_chain_length control; policy rule JSON can carry service_chain intent.","Unit/integration coverage added for service-chain validation, evaluation, simulation deltas, DB activation/rollback/accounting evidence, API preview/activation/rollback, authorization, migration, and RADIUS VSA rendering; external interop remains release certification.","Added subscriber-service-chains guide and NAS-0032 release certification checklist; admin API, typed policy engine, external AAA, example config, roadmap, backlog, support bundle, readiness, dictionary, and OpenAPI docs updated.","Software acceptance complete; APIs/UI expose effective state and evidence; automated tests cover software behavior; external FreeRADIUS/vendor/HA/performance/soak/security evidence is not a software completion blocker.","Software implementation is 100% complete and ready for external validation; production release sign-off still requires the NAS-0032 release certification checklist."
"NAS-0033","Command authorization and TACACS+","Phase 3 - Authorization","Authorization","Cisco; Juniper; HP; Dell; Brocade; Extreme; Arista","Cisco; Juniper; HP; DellEMC; Brocade; Extreme; Arista","RFC 8907","High","NAS-0007;NAS-0029","XL","Complete","No software implementation remains; external TACACS+ device CLI, FreeRADIUS lab, HA, performance, soak, security, and customer validation are tracked in nas-0033-release-certification-checklist.md.","Implemented RFC 8907-compatible TACACS+ TCP server, shared-secret packet encryption/decryption, local PAP/ASCII authentication, known-client enforcement, runtime status, secret references, bounded limits, audit recording, readiness, support-bundle integration, and CI target.","Implemented TACACS+ authentication start/continue, authorization request/response, and accounting request/response packet parsing/rendering with encrypted and lab unencrypted packet handling, size/argument/command bounds, and protocol event evidence.","Implemented deterministic command-set evaluation with deny-before-permit precedence, role, tenant, vendor, and privilege matching, typed-policy context attributes, monitor/enforce modes, fail-closed behavior, and command hashing.","Added schema v38 tables for command sets, authorization events, accounting records, and protocol events with indexes, retention pruning, migration repair, normalized hashes, summaries, and list APIs.","Added /api/v1/system/tacacs, /api/v1/system/tacacs/evaluate, /api/v1/system/tacacs/command-sets, /api/v1/system/tacacs/command-sets/{name}, OpenAPI, RBAC, system status, production-readiness, and support-bundle wiring.","Added Access Settings TACACS+ configuration and status panel with mode, bind address, limits, client/evidence summaries, readiness posture, and refresh support.","Unit/integration coverage added for config validation, packet codec/encryption rejection, command-set policy evaluation, DB persistence/evidence, API evaluate/create/readiness/RBAC/OpenAPI, CI target wiring, Go build, and frontend build; external device interop remains release certification.","Added TACACS+ command authorization guide and NAS-0033 release certification checklist; updated admin API, external AAA, typed policy engine, example config, roadmap, backlog, Makefile, and CI docs.","Software acceptance complete; APIs/UI expose effective state and evidence; automated tests cover software behavior; external device, FreeRADIUS, HA, performance, soak, security, and customer evidence is not a software completion blocker.","Software implementation is 100% complete and ready for external validation; production release sign-off still requires the NAS-0033 release certification checklist."
"NAS-0034","Hard tenant isolation and delegated policy trees","Phase 3 - Authorization","Authorization","All MSP and controller vendors","Tenant/location families","No direct RFC; internal architecture and applicable product/security standards","Critical","NAS-0008;NAS-0029;NAS-0030","XL","Complete","No software implementation remains; delegated-admin SSO/LDAP, real controller/device, HA, performance, security, and customer evidence are tracked in nas-0034-release-certification-checklist.md.","Implemented tenant profiles, resource ownership bindings, tenant isolation events, tenant-scoped immutable policy versions, scoped policy operations, production readiness, support bundle evidence, and Access Settings controls.","Policy requests with tenant context load tenant-owned active policy sets and default deny without global fallback; vendor-derived tenant facts remain governed by inbound VSA trust rules.","Defined fail-closed monitor/enforce modes, delegated admin tenant scopes, profile requirements, shared resource types, ownership precedence, audit retention, and no-cross-tenant rollback semantics.","Added schema v39 tenant_profiles, tenant_resource_bindings, tenant_isolation_events, tenant columns on policy-set history tables, indexes, migration repair, and summaries.","Added /api/v1/system/tenant-isolation, tenant profile/resource APIs, evaluate API, tenant-aware policy-set list/read/create/submit/approve/reject/activate/rollback/simulate/analyze/compare behavior, RBAC, and OpenAPI.","Added Access Settings tenant isolation mode, fail-closed, ownership, retention, shared-resource, readiness, and evidence summary controls.","Added config, DB, policy-engine, admin API, OpenAPI, RBAC, readiness, support-bundle, UI build, focused Make target, and CI coverage; external hardware and environment evidence remains release certification.","Added tenant isolation architecture/operator guide, NAS-0034 release checklist, and updated admin API, typed policy, versioned policy, operations, external AAA, example config, roadmap, and backlog docs.","Software acceptance complete; APIs/UI expose effective state and evidence; automated tests cover software behavior; external SSO/LDAP, controller, vendor hardware, HA, performance, soak, security, and customer validation is not a software completion blocker.","Software implementation is 100% complete and ready for external validation; production release sign-off still requires the NAS-0034 release certification checklist."
"NAS-0035","FreeRADIUS SQL accounting schema reconciliation","Phase 4 - Accounting","Accounting","All","FreeRADIUS; standard accounting","RFC 2866","Critical","NAS-0008;NAS-0009","L","Complete","Software implementation complete; external FreeRADIUS SQL writer, vendor hardware, PostgreSQL HA, packet-capture, performance, soak, security, and customer validation are tracked in nas-0035-release-certification-checklist.md.","Implemented product-owned FreeRADIUS-compatible SQL accounting reconciliation with local accounting mirroring, post-auth evidence, background reconcile worker, runtime status, retention, readiness, and support-bundle capture.","Implemented Start/Interim/Stop mirroring for local accounting records and standard radacct field reconciliation into sessions; duplicate/order, gigaword, IPv6 route, multi-service, spool, and charging semantics remain assigned to NAS-0036..NAS-0041.","Defined enabled/reconcile-enabled policy, batch limits, stale pending detection, retention controls, redacted post-auth storage, production readiness blocking rules, and external certification boundaries.","Added schema v40 radacct, radpostauth, radius_sql_accounting_reconcile_events, migration repair, indexes, summaries, reconciliation events, and retention pruning.","Added /api/v1/system/sql-accounting, /api/v1/system/sql-accounting/reconcile, system status embedding, OpenAPI, RBAC, and production readiness evidence.","Added Access Settings controls and Dashboard SQL accounting status with counts for radacct, radpostauth, pending, stale, error, and reconciled rows.","Added config validation, migration, DB lifecycle, ProcessAccounting mirror, report/reconcile, admin API, OpenAPI, RBAC, readiness, generator, support-bundle, UI build, and CI target coverage; external hardware evidence is release certification.","Published freeradius-sql-accounting.md and nas-0035-release-certification-checklist.md; updated admin API, operations, external AAA mode, example config, roadmap, and backlog docs.","Software acceptance complete; APIs/UI expose effective state and evidence; automated tests cover software behavior; external FreeRADIUS, vendor device, HA, performance, soak, security, and customer validation is not a software completion blocker.","Software implementation is 100% complete and ready for external validation; production release sign-off still requires the NAS-0035 release certification checklist."
"NAS-0036","Accounting idempotency, duplicate, and ordering engine","Phase 4 - Accounting","Accounting","All","All accounting dictionaries","RFC 2866","Critical","NAS-0035","L","Complete","Software implementation complete; external duplicate/reordered packet captures, vendor hardware, PostgreSQL HA replay, packet-loss, performance, soak, security, and customer validation are tracked in nas-0036-release-certification-checklist.md.","Implemented durable radius_accounting_events ledger with deterministic event IDs, fingerprints, duplicate counters, ordered apply, late Stop merge, bounded replay, retention pruning, runtime status, support-bundle capture, API, UI, readiness, and CI coverage.","Implemented Start/Interim/Stop event ingestion from local accounting and FreeRADIUS SQL reconciliation; repeated values, gigaword, 64-bit rollover, IPv6 route accounting, multi-service, durable crash spool, and charging semantics remain assigned to NAS-0037..NAS-0041.","Defined enabled/replay-enabled policy, sequence window, late Stop window, max replay batch, duplicate retention, stale pending detection, duplicate suppression, ordering status, and replay rules.","Added schema v41 radius_accounting_events with idempotency keys, fingerprints, status/order indexes, duplicate counters, applied/error timestamps, payload evidence, and migration repair.","Added /api/v1/system/accounting-ordering, /api/v1/system/accounting-ordering/replay, system status embedding, OpenAPI, RBAC, production readiness evidence, and support-bundle capture.","Added Access Settings controls and Dashboard accounting ordering status with counts for total, pending, stale, applied, duplicate, reordered, late Stop, and error events.","Added config validation, migration, DB duplicate/order/replay lifecycle, ProcessAccounting ledger path, SQL reconcile ledger path, report/replay, admin API, OpenAPI, RBAC, readiness, support-bundle, UI build, and CI target coverage; external hardware evidence is release certification.","Published accounting-idempotency-ordering.md and nas-0036-release-certification-checklist.md; updated admin API, operations, external AAA mode, example config, roadmap, and backlog docs.","Software acceptance complete; APIs/UI expose effective state and evidence; automated tests cover software behavior; external FreeRADIUS, vendor device, HA, performance, soak, security, and customer validation is not a software completion blocker.","Software implementation is 100% complete and ready for external validation; production release sign-off still requires the NAS-0036 release certification checklist."
"NAS-0037","64-bit counters and gigaword rollover","Phase 4 - Accounting","Accounting","All ISP and enterprise vendors","Standard; Cisco; Juniper; Huawei; Cambium","RFC 2866","Critical","NAS-0035;NAS-0036","M","Complete","Software implementation complete; external FreeRADIUS SQL imports, vendor hardware packet captures, PostgreSQL HA replay, large-session performance, soak, security, and customer validation are tracked in nas-0037-release-certification-checklist.md.","Implemented durable 64-bit accounting counter normalization, gigaword split/combine, reset detection, overflow evidence, retention pruning, runtime status, support-bundle capture, API, UI, readiness, and CI coverage.","Implemented local accounting and FreeRADIUS SQL reconciliation for Acct-Input-Octets, Acct-Input-Gigawords, Acct-Output-Octets, and Acct-Output-Gigawords; IPv6 route accounting, multi-service correlation, durable crash spool, and charging semantics remain assigned to NAS-0038..NAS-0041.","Defined enabled/gigawords/reset-detection policy, 64-bit max counter width, saturating overflow behavior, evidence retention, and no-silent-decrease session merge rules.","Added schema v42 radacct and radius_accounting_events counter columns, decimal 64-bit totals, rollover/reset/error fields, indexes, migration repair, and summaries.","Added /api/v1/system/accounting-counters, system status embedding, OpenAPI, RBAC, production readiness evidence, and support-bundle capture.","Added Access Settings controls and Dashboard accounting counter status with counts for radacct rows, event rows, gigawords, rollovers, resets, errors, and max 64-bit totals.","Added config validation, migration, DB counter lifecycle, local packet and SQL reconcile normalization, report, admin API, OpenAPI, RBAC, readiness, support-bundle, UI build, focused Make target, and CI coverage; external hardware evidence is release certification.","Published accounting-counters-gigawords.md and nas-0037-release-certification-checklist.md; updated admin API, operations, external AAA mode, example config, roadmap, and backlog docs.","Software acceptance complete; APIs/UI expose effective state and evidence; automated tests cover software behavior; external FreeRADIUS, vendor device, HA, performance, soak, security, and customer validation is not a software completion blocker.","Software implementation is 100% complete and ready for external validation; production release sign-off still requires the NAS-0037 release certification checklist."
"NAS-0038","IPv6, route, and delegated-prefix accounting","Phase 4 - Accounting","Accounting","All dual-stack; broadband vendors","ERX; Huawei; Nokia; 3GPP; DHCP","RFC 3162;RFC 6911","High","NAS-0035;NAS-0036","L","Complete","Software implementation complete; external FreeRADIUS Linux imports, vendor packet captures, BNG/BRAS hardware, HA failover, performance, soak, security, and customer validation are tracked in nas-0038-release-certification-checklist.md.","Implemented durable accounting IP assignment normalization, session correlation, radacct mirroring, evidence retention, readiness, API, UI, support-bundle, and CI coverage.","Implemented local accounting and FreeRADIUS SQL ingestion for Framed-IP-Address, Framed-IPv6-Address, Framed-IPv6-Prefix, Framed-Interface-Id, Delegated-IPv6-Prefix, Framed-Route, and Framed-IPv6-Route with invalid evidence instead of silent acceptance.","Defined enabled/family/reject-invalid/retention policy, active/closed assignment lifecycle, Stop and Accounting-Off closure semantics, validation warnings, and production readiness blocking rules.","Added schema v43 session, radacct, radius_accounting_events, and radius_accounting_ip_assignments columns/tables/indexes with migration repair and retention pruning.","Added /api/v1/system/accounting-ip, system status embedding, OpenAPI, RBAC, production readiness evidence, support-bundle capture, and filtered assignment listing.","Added Access Settings controls and Dashboard status card with assignment, IPv6, delegated-prefix, route, and invalid evidence counts.","Added config validation, DB lifecycle, invalid route, FreeRADIUS reconcile, ProcessAccounting mirror, report, admin API, OpenAPI, RBAC, readiness, support-bundle, and CI target coverage; external hardware evidence is release certification.","Published accounting-ipv6-routes.md and nas-0038-release-certification-checklist.md; updated admin API, operations, external AAA mode, example config, roadmap, and backlog docs.","Software acceptance complete; APIs/UI expose effective state and evidence; automated tests cover software behavior; external FreeRADIUS, vendor device, HA, performance, soak, security, and customer validation is not a software completion blocker.","Software implementation is 100% complete and ready for external validation; production release sign-off still requires the NAS-0038 release certification checklist."
"NAS-0039","Multi-service session correlation","Phase 4 - Accounting","Accounting","BNG; mobile; voice vendors","ERX; Starent; Ericsson; BroadSoft; Acme","RFC 2865;RFC 2866;RFC 5080","High","NAS-0032;NAS-0036","XL","Complete","Software implementation complete; external BNG/BRAS, mobile, voice, VPN, FreeRADIUS Linux imports, HA failover, performance, soak, security, and customer validation are tracked in nas-0039-release-certification-checklist.md.","Implemented durable parent/child service-leg correlation with Acct-Multi-Session-Id, Acct-Link-Count, Service-Type, Framed-Protocol, Class metadata, subscriber service-chain linkage, conflict evidence, readiness, API, UI, support-bundle, and CI coverage.","Implemented local accounting and FreeRADIUS SQL ingestion for multi-session and service metadata; normalized data, voice, bearer, VPN, reauth, and primary service categories; remaining durable crash spool and charging/export semantics remain assigned to NAS-0040..NAS-0041.","Defined enabled/source/retention/recent policy, subscriber service-chain linking, active/closed/conflict lifecycle, hashed identity storage, Stop and Accounting-Off closure semantics, and production readiness rules.","Added schema v44 radacct and radius_accounting_events columns plus radius_accounting_service_correlations table/indexes with migration repair and retention pruning.","Added /api/v1/system/accounting-services, system status embedding, OpenAPI, RBAC, production readiness evidence, support-bundle capture, and filtered correlation listing.","Added Access Settings controls and Dashboard status card with correlation, active, linked, conflict, parent/child, bearer, and call-leg evidence counts.","Added config validation, DB lifecycle, subscriber-chain linkage, conflict detection, FreeRADIUS reconcile, ProcessAccounting mirror, report, admin API, OpenAPI, RBAC, readiness, support-bundle, UI build, focused Make target, and CI coverage; external hardware evidence is release certification.","Published accounting-multi-service-correlation.md and nas-0039-release-certification-checklist.md; updated admin API, operations, external AAA mode, example config, roadmap, and backlog docs.","Software acceptance complete; APIs/UI expose effective state and evidence; automated tests cover software behavior; external FreeRADIUS, vendor device, HA, performance, soak, security, and customer validation is not a software completion blocker.","Software implementation is 100% complete and ready for external validation; production release sign-off still requires the NAS-0039 release certification checklist."
"NAS-0040","Durable accounting ingest spool and replay","Phase 4 - Accounting","Accounting","All","All accounting dictionaries","RFC 2866;RFC 5080","Critical","NAS-0035;NAS-0036;NAS-0039","L","Complete","Software implementation complete; external FreeRADIUS Linux packet captures, vendor access-device retry behavior, database outage drills, PostgreSQL HA, performance, soak, security, production deployment, and customer validation are tracked in nas-0040-release-certification-checklist.md.","Implemented durable write-ahead local accounting ingest spool, replay worker, bounded exponential backoff, ownership locks, queue capacity backpressure, loss-SLO reporting, poison evidence, runtime status, readiness, support-bundle, and CI coverage.","ProcessAccounting now persists normalized Start, Interim-Update, and Stop accounting events before ledger apply; replay feeds the same idempotent accounting event ledger and preserves duplicate, ordering, counter, IP, and multi-service behavior.","Defined enabled and replay-enabled policy, queue capacity, retry, TTL, lock, applied and poison retention, loss SLO, privacy, and production readiness blocking/degraded rules.","Added schema v45 radius_accounting_ingest_spool and radius_accounting_ingest_spool_attempts tables, indexes, migration repair, summaries, claim/update lifecycle, expiry, pruning, and checksum verification.","Added /api/v1/system/accounting-ingest-spool, /api/v1/system/accounting-ingest-spool/replay, system status embedding, OpenAPI, RBAC, production readiness evidence, and support-bundle capture.","Added Access Settings controls and Dashboard status card with queued, retrying, due, applied, poison, expired, attempt, queue utilization, and loss-SLO counts.","Added config validation, migration, DB lifecycle, replay/apply, checksum poison, ProcessAccounting integration, admin API, OpenAPI, RBAC, readiness, support-bundle, UI build path, focused Make target, and CI coverage; external hardware evidence is release certification.","Published accounting-ingest-spool-replay.md and nas-0040-release-certification-checklist.md; updated admin API, operations, external AAA mode, example config, roadmap, and backlog docs.","Software acceptance complete; APIs/UI expose effective state and evidence; automated tests cover software behavior; external FreeRADIUS, vendor device, HA, performance, soak, security, and customer validation is not a software completion blocker.","Software implementation is 100% complete and ready for external validation; production release sign-off still requires the NAS-0040 release certification checklist."
"NAS-0041","Charging records, rating, retention, and export integrity","Phase 4 - Accounting","Accounting","3GPP; 3GPP2; Starent; Ericsson; ISP vendors","3GPP; 3GPP2; Starent; Ericsson","RFC 2866","High","NAS-0008;NAS-0037;NAS-0039","XL","Complete","Software implementation complete; external billing mediation, real vendor hardware packet captures, production Linux FreeRADIUS imports, PostgreSQL HA export drills, performance, soak, security, and customer validation are tracked in nas-0041-release-certification-checklist.md.","Implemented durable CDR projection, deterministic rating, late-correction re-export, retention pruning, export batches, payload and manifest SHA-256 integrity, runtime status, readiness, support-bundle capture, API, UI, and CI coverage.","Implemented charging projection from applied Start/Interim/Stop accounting events, FreeRADIUS SQL reconciliation, 64-bit counters, multi-service metadata, and corrected late events; downstream billing, telecom mediation, and real-device certification remain external release evidence.","Defined enabled/rating/export policy, bounded batch/export limits, plan/currency/rate validation, retention controls, hashed identity privacy, late correction, tamper detection, and readiness blocking rules.","Added schema v46 radius_accounting_charging_records, radius_accounting_charging_exports, and radius_accounting_charging_export_records with indexes, integrity hashes, export membership, migration repair, and summaries.","Added /api/v1/system/accounting-charging, /api/v1/system/accounting-charging/reconcile, /api/v1/system/accounting-charging/export, /api/v1/system/accounting-charging/export/download, system status embedding, OpenAPI, RBAC, readiness, and support-bundle evidence.","Added Access Settings charging controls/actions and Dashboard charging status with CDR, rating, export, amount, integrity, and hash-chain evidence.","Added config validation, migration, DB projection/rating/export/integrity lifecycle, local packet and SQL reconcile integration, background reconciler, admin API, OpenAPI, RBAC, readiness, support-bundle, UI build, focused Make target, and CI coverage; external billing and hardware evidence is release certification.","Published accounting-charging-rating-export.md and nas-0041-release-certification-checklist.md; updated admin API, operations, external AAA mode, deployment profiles, upgrade runbook, example config, roadmap, and backlog docs.","Software acceptance complete; APIs/UI expose effective state and evidence; automated tests cover software behavior; external FreeRADIUS, billing mediation, vendor device, HA, performance, soak, security, and customer validation is not a software completion blocker.","Software implementation is 100% complete and ready for external validation; production release sign-off still requires the NAS-0041 release certification checklist."
"NAS-0042","General outbound DAC client","Phase 5 - CoA / Disconnect","Dynamic Authorization","All","All dynamic authorization dictionaries","RFC 5176","Critical","NAS-0009;NAS-0013","L","Complete","Software implementation complete; external FreeRADIUS Linux packet captures, vendor hardware interoperability, HA drills, performance, soak, security, production deployment, and customer validation are tracked in nas-0042-release-certification-checklist.md.","Implemented immediate outbound RFC 5176 UDP CoA and Disconnect preview/send, managed NAS target resolution, secret-reference resolution, confirmation and known-client gates, request/attempt history, runtime status, readiness, support-bundle capture, API, UI, and CI coverage; durable queues/retries are NAS-0043, proxy/RadSec reverse routing is NAS-0044, vendor action compiler is NAS-0045, capability ownership is NAS-0046, and HA handoff is NAS-0047.","Implemented CoA-Request and Disconnect-Request packet construction with Message-Authenticator, vendor-neutral selectors and policy attributes, ACK/NAK/error response classification, Error-Cause capture, latency, packet identifiers, request and response fingerprints, and explicit rejection for unsupported NAS-0042 vendor-specific dynamic action attributes.","Defined enabled/outbound-enabled/action allowlist/known-client/confirmation/timeout/attribute-limit/history-retention policy, session-hint enrichment, blocked request evidence, degraded readiness for NAK/error/blocked history, and external certification boundaries for later queued/proxy/vendor/HA features.","Added schema v47 radius_outbound_dac_requests and radius_outbound_dac_attempts with indexes, redacted selector attribute history, identity hashes, retention pruning, summary, target hint lookup, attempts, response metadata, and migration repair coverage.","Added /api/v1/system/dac-client, /api/v1/system/dac-client/preview, /api/v1/system/dac-client/send, /api/v1/system/dac-client/history, system status embedding, OpenAPI, RBAC, production readiness evidence, audit, and support-bundle capture.","Added Access Settings outbound DAC policy controls, preview/send workflow, confirmation toggle, target/session/policy fields, status counters, preview blockers, and recent request history.","Added config default/validation tests, schema/history/redaction/retention tests, packet construction tests, ACK/NAK/Error-Cause/error tests, unsupported vendor action tests, admin API/OpenAPI/RBAC/readiness/support-bundle tests, UI build path, focused Make target, and CI coverage; external hardware evidence is release certification.","Published outbound-dac-client.md and nas-0042-release-certification-checklist.md; updated admin API, operations, external AAA mode, upgrade runbook, example config, roadmap, and backlog docs.","Software acceptance complete; APIs/UI expose effective state and evidence; automated tests cover software behavior; external FreeRADIUS, vendor device, HA, performance, soak, security, and customer validation is not a software completion blocker.","Software implementation is 100% complete and ready for external validation; production release sign-off still requires the NAS-0042 release certification checklist."
"NAS-0043","Error-Cause, retries, queues, and idempotency","Phase 5 - CoA / Disconnect","Dynamic Authorization","All","Standard; all vendor CoA dictionaries","RFC 5176","Critical","NAS-0042","L","Complete","Software implementation complete; external FreeRADIUS Linux packet captures, vendor hardware retry/timeout/NAK evidence, HA failover, performance, soak, security, production deployment, and customer validation are tracked in nas-0043-release-certification-checklist.md.","Implemented durable outbound DAC queue, hashed idempotency keys, duplicate suppression, background/manual replay, bounded retry/backoff, expiry, poison/dead-letter handling, cancel, manual retry, runtime status, readiness, support-bundle visibility, API, UI, and CI coverage; proxy/RadSec reverse routing remains NAS-0044, vendor action compiler NAS-0045, capability ownership NAS-0046, and HA cluster handoff NAS-0047.","Replay uses the NAS-0042 CoA/Disconnect packet builder, Message-Authenticator, ACK/NAK/Error-Cause classification, request/response fingerprints, checksum-verified payloads, immediate attempt history mirroring, timeout retry, and terminal NAK handling; proxy/RadSec and vendor-specific dynamic actions remain assigned to NAS-0044 and NAS-0045.","Defined queue enabled/replay enabled policy, confirmation and known-client gates, hashed idempotency scope, allowed transitions, max attempts, bounded exponential backoff, record TTL, retention, batch size, owner locks, cancel, manual retry, and degraded readiness for poison/error/expired queue evidence.","Added schema v48 radius_outbound_dac_queue and radius_outbound_dac_queue_attempts with queue IDs, idempotency hashes, payload checksums, redacted attributes, owner locks, retry timestamps, expiry, cancellation metadata, outcome fields, indexes, migration repair, and summaries.","Added /api/v1/system/dac-client/enqueue, /api/v1/system/dac-client/replay, /api/v1/system/dac-client/cancel, /api/v1/system/dac-client/retry, durable queue fields in /history and /dac-client, OpenAPI discovery, RBAC, audit, system status embedding, and production readiness evidence.","Added Access Settings durable queue toggles, replay controls, retry limits, idempotency-key field, queue/dead-letter counters, queue table, cancel action, retry action, and mock API support.","Added config default/validation tests, schema/queue lifecycle/redaction/dedupe/claim/cancel/retry tests, replay ACK/history tests, timeout retry/poison tests, admin API/OpenAPI/RBAC/readiness/support-bundle tests, UI build path, focused Make target, and CI coverage; external hardware evidence is release certification.","Updated outbound-dac-client.md, admin-api.md, operations.md, external-aaa-product-mode.md, upgrade-rollback-runbook.md, example config, roadmap, and backlog docs; added nas-0043-release-certification-checklist.md.","Software acceptance complete; APIs/UI expose effective state and evidence; automated tests cover software behavior; external FreeRADIUS, vendor device, HA, performance, soak, security, and customer validation is not a software completion blocker.","Software implementation is 100% complete and ready for external validation; production release sign-off still requires the NAS-0043 release certification checklist."
"NAS-0044","Proxy CoA and RadSec reverse CoA routing","Phase 5 - CoA / Disconnect","Dynamic Authorization","All proxy and roaming vendors","FreeRADIUS; all","RFC 5176;RFC 6614;RFC 9765","Critical","NAS-0010;NAS-0014;NAS-0042;NAS-0043","XL","Complete","Software implementation complete; external FreeRADIUS packet captures, vendor hardware/controller interoperability, HA drills, performance, soak, security, production deployment, TLS-PSK active transport proof, RADIUS/1.1 active DAC proof, and customer validation are tracked in nas-0044-release-certification-checklist.md.","Implemented route-aware direct/proxy outbound DAC with upstream route selection, explicit proxy route/home-server controls, originating-realm and username-suffix matching, default-route fallback, deterministic pool selection, runtime status, readiness, support-bundle evidence, API, UI, and CI coverage.","Implemented CoA-Request and Disconnect-Request packet construction through direct UDP, proxied UDP, and RadSec X.509 mTLS paths with Message-Authenticator, ACK/NAK/Error-Cause classification, request/response fingerprints, bounded Proxy-State insertion, loop-marker rejection, and transport error capture.","Defined direct/proxy delivery mode, route-scoped transport enforcement, route-scoped proxy policy evaluation, source-realm trust, User-Name rewrite integration, confirmation gates, known-client gates, idempotent queue replay, no silent RadSec-to-UDP downgrade, and explicit external certification boundaries for TLS-PSK and RADIUS/1.1 active DAC.","Added schema v49 proxy route evidence columns and indexes to radius_outbound_dac_requests, radius_outbound_dac_attempts, radius_outbound_dac_queue, and radius_outbound_dac_queue_attempts with migration repair coverage.","Extended /api/v1/system/dac-client, preview, send, enqueue, replay, history, OpenAPI, production readiness, and support bundle evidence with delivery_mode, proxy_route, proxy_realm, proxy_home_server, proxy_hop_count, proxy_state, and proxy_routing report fields.","Added Access Settings controls for outbound proxy enablement, UDP/RadSec allowances, Proxy-State marker policy, proxy route/home-server/originating-realm request fields, proxy routing status table, preview decision visibility, and route metadata in history tables.","Added config validation/default tests, migration v49 tests, immediate and queue DB route evidence tests, proxy preview tests, UDP proxy ACK/history tests, RadSec mTLS ACK packet tests, loop-marker rejection tests, admin API/OpenAPI/RBAC/readiness/support-bundle tests, UI build path, focused Make target coverage, and CI coverage; external hardware evidence is release certification.","Updated outbound-dac-client.md, admin-api.md, operations.md, external-aaa-product-mode.md, upgrade-rollback-runbook.md, example config, master roadmap, and backlog docs; added nas-0044-release-certification-checklist.md.","Software acceptance complete; APIs/UI expose effective proxy/RadSec DAC state and evidence; automated tests cover software behavior; external FreeRADIUS, vendor device, HA, performance, soak, security, and customer validation is not a software completion blocker.","Software implementation is 100% complete and ready for external validation; production release sign-off still requires the NAS-0044 release certification checklist."
"NAS-0045","Vendor dynamic-action compiler","Phase 5 - CoA / Disconnect","Dynamic Authorization","Cisco; Aruba; Juniper; Ruckus; Fortinet; MikroTik; Huawei; H3C","Corresponding vendor dictionaries","RFC 5176","High","NAS-0002;NAS-0042;NAS-0043;NAS-0044","XL","Complete","Software implementation complete; external FreeRADIUS packet captures, vendor hardware/controller interoperability, HA drills, performance, soak, security, production deployment, and customer validation are tracked in nas-0045-release-certification-checklist.md.","Implemented a fail-closed neutral-to-vendor dynamic action compiler, active-pack reporting, request normalization, typed action validation, direct/proxy/RadSec integration, durable queue replay compatibility, runtime status, readiness, support-bundle visibility, API, UI, and CI coverage.","Encoded Cisco, Aruba, Juniper, Ruckus, Fortinet, MikroTik, Huawei, and H3C/Comware dynamic action VSAs as Type 26 Vendor-Specific attributes with dictionary-compatible PEN/type/payload handling; preserved standard CoA/Disconnect attributes, Message-Authenticator, ACK/NAK/Error-Cause handling, proxy/RadSec routing, and idempotent queue replay.","Defined allowed vendor actions, packet-code constraints, explicit-pack fail-closed policy, target nas_type single-pack inference, attribute limits, VSA byte limits, VLAN/rate validation, warnings/blockers, no silent fallback, and external certification boundaries for real device behavior.","Added schema v50 vendor_action, vendor_packs_json, vendor_compiler_status, and vendor_compiler_warnings_json to radius_outbound_dac_requests and radius_outbound_dac_queue with indexes, migration repair, redacted history, queue replay persistence, and lifecycle tests.","Extended /api/v1/system/dac-client, preview, send, enqueue, history, OpenAPI, production readiness, system status, and support bundle evidence with vendor action report and per-request compiler decision fields.","Added Access Settings controls for vendor action compiler enablement, explicit pack requirement, vendor action intent fields, active pack/action status, preview compiler evidence, and history/queue vendor compiler columns.","Added config default/validation tests, schema v50 migration tests, request/queue persistence tests, vendor compiler preview tests, VSA packet encoding tests, fail-closed ambiguous pack tests, admin API/OpenAPI/readiness tests, UI build path, and focused Make/CI coverage; external hardware evidence is release certification.","Updated outbound-dac-client.md, admin-api.md, operations.md, external-aaa-product-mode.md, upgrade-rollback-runbook.md, example config, master roadmap, and backlog docs; added nas-0045-release-certification-checklist.md.","Software acceptance complete; APIs/UI expose effective vendor action compiler state and evidence; automated tests cover software behavior; external FreeRADIUS, vendor device, HA, performance, soak, security, and customer validation is not a software completion blocker.","Software implementation is 100% complete and ready for external validation; production release sign-off still requires the NAS-0045 release certification checklist."
"NAS-0046","NAS capability and session ownership registry","Phase 5 - CoA / Disconnect","Dynamic Authorization","All","All NAS dictionaries","RFC 5176;RFC 6614","Critical","NAS-0013;NAS-0042;NAS-0043;NAS-0044;NAS-0045","L","Complete","Software implementation complete; external FreeRADIUS packet captures, vendor hardware/controller interoperability, HA drills, performance, soak, security, production deployment, and customer validation are tracked in nas-0046-release-certification-checklist.md.","Implemented NAS capability and session ownership registry reporting, active session synchronization, target enrichment, fail-closed conflicting-owner validation, runtime status, readiness, support-bundle visibility, API, UI, and CI coverage.","Preserved CoA/Disconnect packet construction, Message-Authenticator, Error-Cause, direct/proxy/RadSec paths, vendor action compiler, durable queue replay, and added ownership/capability decisions before packet send or queue.","Defined ownership status, source, owner node, capability requirements, supported actions, supported transports, stale/unknown degradation, conflicting-target blocking, and external certification boundaries for real device behavior.","Added schema v51 nas_session_ownership plus ownership_session_id, ownership_status, ownership_source, ownership_owner_node, capability_decision, and capability_warnings_json on immediate and durable outbound DAC records with indexes and migration repair.","Added /api/v1/system/nas-ownership, extended /api/v1/system/dac-client, preview, send, enqueue, history, OpenAPI, RBAC, production readiness, system status, audit evidence, and support bundle capture.","Added Access Settings NAS Owners summary, ownership registry details, preview ownership decision, history/queue ownership columns, and mock API support.","Added DB ownership sync tests, schema v51 compile/migration coverage, radius preview/send ownership tests, conflicting target fail-closed tests, admin API/OpenAPI/RBAC/readiness/support-bundle tests, UI build path, and focused package coverage; external hardware evidence is release certification.","Updated outbound-dac-client.md, admin-api.md, operations.md, external-aaa-product-mode.md, upgrade-rollback-runbook.md, master roadmap, and backlog docs; added nas-0046-release-certification-checklist.md.","Software acceptance complete; APIs/UI expose effective NAS ownership and capability state and evidence; automated tests cover software behavior; external FreeRADIUS, vendor device, HA, performance, soak, security, and customer validation is not a software completion blocker.","Software implementation is 100% complete and ready for external validation; production release sign-off still requires the NAS-0046 release certification checklist."
"NAS-0047","HA-aware CoA cluster handoff","Phase 5 - CoA / Disconnect","Dynamic Authorization","All","All","RFC 5176","Critical","NAS-0045;NAS-0046;NAS-0099","XL","Complete","Software implementation complete; external FreeRADIUS Linux packet captures, vendor hardware failover, HA split-brain drills, performance, soak, security, production deployment, and customer validation are tracked in nas-0047-release-certification-checklist.md.","Implemented HA-aware outbound DAC handoff using the existing HA runtime role, effective-role promotion evidence, persistent leases, fencing tokens, bounded heartbeat/block events, runtime status, production readiness, support-bundle capture, API, UI, and CI coverage.","Preserves NAS-0042..NAS-0046 CoA/Disconnect packet construction, Message-Authenticator, Error-Cause handling, proxy/RadSec paths, vendor actions, durable queue replay, idempotency, capability validation, and session ownership while blocking unauthorized standby sends before packet emission or queue mutation.","Defined fail-closed standalone/active/standby/promoted-standby handoff semantics, send/queue/replay authority, lease expiry, fencing-token evidence, split-brain warning propagation, blocked operation evidence, and external certification boundaries for physical HA drills.","Added schema v52 radius_dac_handoff_leases and radius_dac_handoff_events plus handoff decision, owner node, lease ID, fencing token, and warning columns on immediate DAC requests and durable queue records.","Added /api/v1/system/dac-handoff, system status embedding, OpenAPI, RBAC, production readiness evidence, support-bundle capture, and handoff fields in preview/send/enqueue/replay/history responses.","Added Access Settings HA handoff status, lease/authority summary, preview evidence, and history/queue handoff visibility with mock API support.","Added schema migration/summary tests, standby-block send tests, standby-block replay tests, promoted-standby replay tests, admin API/OpenAPI/RBAC/readiness/support-bundle tests, UI build validation, and focused backend coverage; external HA hardware evidence is release certification.","Updated outbound-dac-client.md, admin-api.md, operations.md, external-aaa-product-mode.md, upgrade-rollback-runbook.md, roadmap, and backlog docs; added nas-0047-release-certification-checklist.md.","Software acceptance complete; APIs/UI expose effective state and evidence; automated tests cover software behavior; external FreeRADIUS, vendor device, HA, performance, soak, security, and customer validation is not a software completion blocker.","Software implementation is 100% complete and ready for external validation; production release sign-off still requires the NAS-0047 release certification checklist."
"NAS-0048","Lossless vendor-neutral ACL AST","Phase 6 - Policy Engine and Enforcement","Policy/Enforcement","All firewall, switch, WLAN vendors","ACL/firewall families","RFC 2865","Critical","NAS-0002;NAS-0029","XL","Complete","Software implementation complete; external FreeRADIUS Linux packet captures, vendor hardware/controller ACL grammar certification, HA drills, performance, soak, security, production deployment, and customer validation are tracked in nas-0048-release-certification-checklist.md.","Implemented versioned ACL AST normalization, stable fingerprints, flat-rule compatibility projection, round-trip diagnostics, persisted AST metadata, production readiness, support-bundle visibility, API, UI, and CI-ready coverage.","Preserves existing NAS-Filter-Rule, Cisco AVPair, Aruba filter rule, AegisNAS ACL VSA, and profile-style vendor reply rendering while adding AST-aware projection, per-pack lossless flags, diagnostics, and explicit warnings when rich fields cannot be carried exactly by flat RADIUS attributes.","Defined ACL AST schema v1, source-of-truth behavior, backward-compatible derivation from flat rules, rule/object/service/application/category bounds, fail-closed validation, compatibility mismatch warnings, and external certification boundaries for exact vendor grammar proof.","Added schema v53 ACL policy AST columns, deterministic fingerprint storage, diagnostics JSON, migration repair, persisted policy loading, staged apply/rollback snapshot compatibility, and schema tests.","Added /api/v1/system/acl-ast, /api/v1/system/acl-ast/normalize, AST fields on /api/v1/acl-policies, AST enrichment on /api/v1/system/vendor-reply-preview, OpenAPI, RBAC, production readiness, and support bundle capture.","Added ACL Policies UI columns for AST and round-trip status plus JSON AST editing and mock API support.","Added AST normalization tests, rich-policy diagnostic tests, ACL policy staging/apply/list/report/normalize/preview tests, migration tests, OpenAPI/support-bundle tests, renderer regressions, and UI build coverage; external hardware evidence is release certification.","Published acl-ast.md and nas-0048-release-certification-checklist.md; updated admin API, operations, external AAA mode, upgrade runbook, master roadmap, and backlog docs.","Software acceptance complete; APIs/UI expose effective state and evidence; automated tests cover software behavior; external FreeRADIUS, vendor device, HA, performance, soak, security, and customer validation is not a software completion blocker.","Software implementation is 100% complete and ready for external validation; production release sign-off still requires the NAS-0048 release certification checklist."
"NAS-0049","Certified per-vendor ACL compilers and decompilers","Phase 6 - Policy Engine and Enforcement","Policy/Enforcement","Cisco; Aruba; Juniper; Fortinet; PaloAlto; Ruckus; MikroTik; HP; Dlink; Pica8","Corresponding dictionaries","RFC 2865","Critical","NAS-0047;NAS-0060","XL","Complete","Software implementation complete; external FreeRADIUS Linux packet captures, vendor hardware/controller ACL grammar certification, HA drills, performance, soak, security, production deployment, and customer validation are tracked in nas-0049-release-certification-checklist.md.","Implemented certified ACL compiler/decompiler catalog, fail-closed unsupported handling, profile-reference mode, value/cardinality limits, diagnostics, fingerprints, production readiness, support-bundle visibility, and evidence history.","Integrated compiler output into reply rendering for standard, AegisNAS, Cisco, Aruba, HP, D-Link, and Pica8 line attributes while preserving profile-reference packs and blocking unsupported ACL intent.","Defined neutral ACL intent to vendor output semantics, lossless/profile-reference/unsupported states, exact round-trip invariants, value limits, and external certification boundaries.","Added schema v54 acl_compiler_events with compile/decompile evidence, actor, fingerprints, diagnostics, details, indexes, and migration tests.","Added /api/v1/system/acl-compilers, /compile, /decompile, /history with RBAC, OpenAPI, and support-bundle captures; vendor reply preview exposes compiler status and evidence fields.","Updated Vendor Compatibility ACL export preview with compiler status, certification state, lossless state, limits, artifact fingerprint, diagnostics, and warnings.","Added compiler/decompiler golden round-trip, profile-reference, unsupported, value-limit, API/history/readiness, migration/evidence, RBAC/OpenAPI/support-bundle tests, and UI build coverage; external hardware evidence is release certification.","Published acl-compilers.md and nas-0049-release-certification-checklist.md; updated ACL AST, admin API, operations, external AAA mode, upgrade runbook, master roadmap, and backlog docs.","Software acceptance complete; APIs/UI expose effective state and evidence; automated tests cover software behavior; external FreeRADIUS, vendor device/controller, HA, performance, soak, security, and customer validation is not a software completion blocker.","Software implementation is 100% complete and ready for external validation; production release sign-off still requires the NAS-0049 release certification checklist."
"NAS-0050","Stateful per-session local firewall policy","Phase 6 - Policy Engine and Enforcement","Policy/Enforcement","Linux local enforcement","Standard; AegisNAS","RFC 2865","High","NAS-0047;NAS-0048","L","Complete","Software implementation complete; external nftables host validation, FreeRADIUS Linux interop, vendor hardware/controller smoke tests, HA, performance, soak, security, production deployment, and customer validation are tracked in nas-0050-release-certification-checklist.md.","Implemented runtime firewall planner, owned nftables apply, sync, rollback, status details, production readiness, support-bundle visibility, and snapshot evidence.","Compiled active session ACL policy and quarantine state into stateful nftables rules with IPv4, IPv6, invalid-state drop, established/related accept, quarantine precedence, and managed-session default drops.","Used normalized ACL policy intent, quarantine precedence, fail-closed missing-policy handling, unsupported protocol/address/port diagnostics, and explicit managed versus unmanaged session boundaries.","Added schema v55 runtime_firewall_snapshots and runtime_firewall_events with fingerprints, ruleset text, counts, diagnostics, actors, previous snapshots, active snapshots, and migration repair.","Added /api/v1/system/runtime-firewall, /preview, /apply, /rollback, /history with RBAC, OpenAPI, system status, production readiness, and support-bundle captures.","Added Dashboard local firewall policy card with managed/quarantined sessions, IPv4/IPv6 coverage, active snapshot, diagnostics, and runtime status badge.","Added quarantine compatibility, dual-stack ACL compiler, missing-policy fail-closed, nft apply failure, snapshot/apply/rollback, DB summary, API, readiness, RBAC, OpenAPI, support-bundle, migration, and UI build coverage; external device labs remain release certification.","Published local-firewall-policy.md and nas-0050-release-certification-checklist.md; updated admin API, operations, external AAA mode, feature-capability framework, roadmap, and backlog docs.","Software acceptance complete; APIs/UI expose effective state and evidence; automated tests cover software behavior; external nftables, FreeRADIUS, vendor-device, HA, performance, soak, security, and customer validation is not a software completion blocker.","Software implementation is 100% complete and ready for external validation; production release sign-off still requires the NAS-0050 release certification checklist."
"NAS-0051","Hierarchical QoS and scheduler model","Phase 6 - Policy Engine and Enforcement","Policy/Enforcement","BNG; WiMAX; Cisco; Huawei; Juniper; MikroTik","Bandwidth/QoS families","RFC 2865","High","NAS-0029","XL","Complete","Software implementation complete; external Linux tc/IFB validation, FreeRADIUS interop, vendor/controller smoke tests, HA rollback, throughput, latency, soak, security, production deployment, and customer validation are tracked in nas-0051-release-certification-checklist.md.","Implemented hierarchical runtime QoS planner, scheduler profile overrides, profile aggregate classes, per-session leaf classes, fq_codel leaves, deterministic fingerprints, production readiness, support-bundle visibility, system status, Dashboard visibility, and snapshot evidence.","Compiled active sessions with bandwidth profiles into tc/IFB commands with aggregate download/upload classes, per-session IPv4 classifiers, IFB ingress redirect, priority, burst, committed burst, quantum, aggregate caps, and fail-closed diagnostics for invalid profiles or addresses.","Defined neutral bandwidth-profile to scheduler hierarchy semantics, parent profile validation, cycle detection, scheduler capability limits, DSCP metadata governance, preview/apply/sync/rollback lifecycle, and external certification boundaries.","Added schema v56 qos_scheduler_profiles, runtime_qos_snapshots, and runtime_qos_events with command plans, fingerprints, counts, diagnostics, actors, previous snapshots, active snapshots, and migration repair.","Added /api/v1/system/qos-scheduler, /preview, /apply, /rollback, /history, and /profiles endpoints with RBAC, OpenAPI, production readiness, system status, and support-bundle captures.","Added Dashboard hierarchical QoS scheduler card with profile/class/session counts, aggregate and leaf class counts, command count, diagnostics, runtime status, and active snapshot evidence.","Added hierarchy compiler, aggregate override, migration, DB summary, API status/preview/history/profile, readiness, RBAC, OpenAPI, support-bundle, enforcement, and UI build coverage; external tc and device labs remain release certification.","Published hierarchical-qos-scheduler.md and nas-0051-release-certification-checklist.md; updated admin API, operations, external AAA mode, feature-capability framework, roadmap, and backlog docs.","Software acceptance complete; APIs/UI expose effective state and evidence; automated tests cover software behavior; external tc, FreeRADIUS, vendor-device/controller, HA, performance, soak, security, and customer validation is not a software completion blocker.","Software implementation is 100% complete and ready for external validation; production release sign-off still requires the NAS-0051 release certification checklist."
"NAS-0052","Dual-stack shaping and vendor unit-safe rate compiler","Phase 6 - Policy Engine and Enforcement","Policy/Enforcement","All","Bandwidth/QoS families","RFC 2865;RFC 2866;RFC 5176;RFC 3162","High","NAS-0049","L","Complete","Software implementation complete; external Linux tc IPv6 validation, packet captures, FreeRADIUS interop, vendor/controller smoke tests, HA rollback, throughput, latency, soak, security, production deployment, and customer validation are tracked in nas-0052-release-certification-checklist.md.","Implemented IPv4/IPv6 runtime QoS planning, IPv6-only and dual-stack tc flower classifiers, shared rate-unit helpers, vendor-safe RADIUS reply and CoA formatting, rate compiler/decompiler API, production readiness, system status, support-bundle visibility, Dashboard card, and evidence history.","Compiled active sessions with bandwidth profiles into tc/IFB classes with IPv4 u32 filters, IPv6 flower filters, dual-stack class metadata, ingress redirect for both protocol families, and vendor rate attributes for MikroTik, WISPr, UBNT, Huawei, H3C, TPLink, ZTE, Cambium, Airespace, HP, Nomadix, ChilliSpot, and D-Link; decompiled observed rate attributes back into normalized kbps intent.","Defined normalized kbps intent, bps conversion bounds, MikroTik extended burst/threshold/time/min-rate grammar, reverse parsing, priority validation, 32-bit RADIUS integer limits, dual-stack shaping ownership, fail-closed diagnostics, and external certification boundaries.","Added schema v57 rate_compiler_events with operation/status, pack keys, normalized rates, request/response JSON, diagnostics, actors, timestamps, indexes, and migration repair.","Added /api/v1/system/rate-compiler, /api/v1/system/rate-compiler/compile, and /api/v1/system/rate-compiler/decompile with RBAC, OpenAPI, production readiness, system status, and support-bundle captures; existing QoS scheduler summary now exposes IPv6 counts.","Added Dashboard vendor rate compiler card plus IPv4/IPv6/IPv6-only QoS counts.","Added rate compiler golden unit, decompiler, MikroTik grammar, overflow, DB event, API, readiness, RBAC, OpenAPI, support-bundle, migration, IPv6-only shaper, dual-stack shaper, and UI build coverage; external tc and device labs remain release certification.","Published dual-stack-rate-compiler.md and nas-0052-release-certification-checklist.md; updated admin API, operations, external AAA mode, feature-capability framework, hierarchical QoS, roadmap, and backlog docs.","Software acceptance complete; APIs/UI expose effective state and evidence; automated tests cover software behavior; external tc, FreeRADIUS, vendor-device/controller, HA, performance, soak, security, and customer validation is not a software completion blocker.","Software implementation is 100% complete and ready for external validation; production release sign-off still requires the NAS-0052 release certification checklist."
"NAS-0053","Dynamic VLAN bridge and subinterface lifecycle","Phase 6 - Policy Engine and Enforcement","Policy/Enforcement","All enterprise access vendors","Standard tunnel; vendor VLAN dictionaries","RFC 2868","Critical","NAS-0013;NAS-0029","XL","Complete","Software implementation complete; external Linux bridge/VLAN validation, hostapd dynamic VLAN smoke tests, FreeRADIUS interop, vendor AP/switch/controller smoke tests, HA rollback, performance, soak, security, production deployment, and customer validation are tracked in nas-0053-release-certification-checklist.md.","Implemented normalized dynamic VLAN lifecycle planning, hostapd VLAN file generation, owned Linux bridge/subinterface command planning, idempotent apply, rollback snapshots, production readiness, system status, support-bundle visibility, Dashboard card, Access Settings config, and evidence history.","Compiled VLAN catalog entries, role VLANs, policy rule VLANs, wireless SSID VLANs, dynamic hostapd SSIDs, and vendor extended VLAN mappings into standard tunnel-aware local artifacts while preserving existing RADIUS reply rendering for external APs, switches, and controllers.","Defined normalized VLAN intent, dynamic/static/tagged metadata, source and attribute provenance, safe Linux interface naming, deterministic short subinterface fallback, hostapd VLAN file ownership, fail-closed diagnostics, snapshot rollback, and external certification boundaries.","Added schema v58 vlan_lifecycle_snapshots and vlan_lifecycle_events with normalized plan JSON, command text, hostapd file text and SHA-256, counts, diagnostics, actors, previous snapshots, active snapshots, timestamps, indexes, and migration repair.","Added /api/v1/system/vlan-lifecycle, /preview, /apply, /rollback, and /history with RBAC, OpenAPI, production readiness, system status, and support-bundle captures.","Added Dashboard dynamic VLAN lifecycle card and Access Settings hostapd VLAN file path editing with mock API coverage.","Added planner, unsafe input, long subinterface, hostapd rendering, DB migration/evidence, API status/preview/history/readiness/RBAC/OpenAPI/support-bundle, and UI build coverage; external Linux and device labs remain release certification.","Published dynamic-vlan-lifecycle.md and nas-0053-release-certification-checklist.md; updated admin API, operations, external AAA mode, deployment profiles, feature-capability framework, roadmap, and backlog docs.","Software acceptance complete; APIs/UI expose effective state and evidence; automated tests cover software behavior; external Linux bridge/VLAN, hostapd, FreeRADIUS, vendor-device/controller, HA, performance, soak, security, and customer validation is not a software completion blocker.","Software implementation is 100% complete and ready for external validation; production release sign-off still requires the NAS-0053 release certification checklist."
"NAS-0054","Tagged voice/data VLAN, QinQ, pool, and fallback policy","Phase 6 - Policy Engine and Enforcement","Policy/Enforcement","Cisco; HP; Extreme; Huawei; Juniper; carrier access","Vendor VLAN dictionaries","RFC 2868;RFC 3580;RFC 4675;RFC 5176","High","NAS-0052","XL","Complete","Engineering complete for config, compiler/decompiler, packet rendering, local-user and MAB integration, inbound product VSA parsing, evidence, API, UI, readiness, support bundles, and docs; external release certification remains.","Implemented typed compiler/decompiler and integrated reply generation; transactional local bridge/controller enforcement remains owned by NAS-0053 and later controller-roadmap items.","Rendered standard tunnel attributes, RFC 4675 Egress-VLANID, AegisNAS product VSAs, HP egress VLANs, and Extreme extended VLANs with decompile support for observed attributes.","Defined neutral data/voice/tagged/QinQ/pool/fallback/auth-fail intent with validation, fail-closed behavior, deterministic pool selection, and duplicate prevention.","Added vlan_policy_events schema v59 with request/response/diagnostic evidence, fingerprints, status counters, and migration repair hook.","Added status, preview, compile, decompile, history, OpenAPI, RBAC, readiness, and support-bundle APIs.","Added Access Settings editor for pools and role policies plus Dashboard status/evidence visibility.","Added compiler, decompiler, packet, generator, config validation, migration, API, readiness, and vendor preview tests; external hardware and soak tests moved to NAS-0054 release checklist.","Added tagged VLAN/QinQ operator guide, config example, API guide, operations guide, product-mode, deployment-profile, and capability-framework updates.","All software behavior for Tagged voice/data VLAN, QinQ, pool, and fallback policy is implemented and covered by automated tests; release evidence requiring real devices, production FreeRADIUS, HA, performance, soak, and security audit is tracked separately.","Production software readiness is complete; external readiness requires non-placeholder identity in production, packet captures, exact vendor/product/firmware scope, HA proof, performance/soak evidence, security sign-off, and zero unresolved Critical defects."
"NAS-0055","Per-session route injection and VRF ownership","Phase 6 - Policy Engine and Enforcement","Policy/Enforcement","Juniper ERX; Nokia SR; Huawei; Cisco; MikroTik","IP addressing/routing families","RFC 2865;RFC 3162;RFC 5176","Critical","NAS-0038;NAS-0045","XL","Complete","Engineering complete for route/VRF config, compiler/decompiler, standard and vendor packet rendering, generated local-user and MAB replies, inbound product VSA parsing, evidence, ownership withdrawal on accounting Stop, API, UI, readiness, support bundles, and docs; external release certification remains.","Implemented typed route policy compiler/decompiler with IPv4 Framed-Route, IPv6 Framed-IPv6-Route, VRF, owner, revision, conflict modes, lifecycle withdrawal, role/request precedence, deterministic fingerprints, and route ownership keys.","Rendered standard Framed-Route and Framed-IPv6-Route, AegisNAS product VSAs, and Cisco/Juniper/Huawei/H3C/Nokia AVPair route and VRF attributes; decompiled observed standard/product/AVPair attributes back into normalized route intent.","Defined neutral per-role route intent, VRF registry validation, owner semantics, route cardinality limits, conflict modes, CoA/reauth/withdraw/accounting-stop lifecycle actions, and evidence-only preview/decompile boundaries.","Added schema v60 route_policy_events and route_policy_ownership with operation/status, session/acct/role/VRF/owner/revision, route/attribute/diagnostic counts, JSON evidence, fingerprints, active/withdrawn ownership rows, indexes, and migration repair.","Added /api/v1/system/route-policy, /preview, /compile, /decompile, and /history with RBAC, OpenAPI, production readiness, system status, and support-bundle captures.","Added Access Settings route/VRF policy editor and Dashboard route policy status/evidence visibility.","Added compiler, decompiler, withdrawal, reply rendering, product VSA parser, config validation, migration, DB event/ownership, API, readiness, RBAC, OpenAPI, support-bundle, and UI build coverage; external FreeRADIUS and device labs remain release certification.","Published per-session-route-vrf-policy.md and nas-0055-release-certification-checklist.md; updated admin API, operations, external AAA product mode, feature-capability framework, config example, roadmap, and backlog docs.","Software acceptance complete; APIs/UI expose effective state and evidence; automated tests cover software behavior; external FreeRADIUS, vendor-device/controller, HA, performance, soak, security, and customer validation is not a software completion blocker.","Software implementation is 100% complete and ready for external validation; production release sign-off still requires the NAS-0055 release certification checklist."
"NAS-0056","IPv4/IPv6 pools, DHCPv6, RA, and prefix delegation","Phase 6 - Policy Engine and Enforcement","Policy/Enforcement","All dual-stack; DHCP; ISP vendors","DHCP; FreeDHCP; ERX; Huawei; Nokia","RFC 2865;RFC 3162;RFC 3315;RFC 3633;RFC 4861;RFC 4862;RFC 5176;RFC 6911;RFC 8415","Critical","NAS-0008;NAS-0054","XL","Complete","Engineering complete for dual-stack address policy config, compiler/decompiler, deterministic pool and prefix selection, standard and vendor packet rendering, generated local-user and MAB replies, inbound product VSA parsing, evidence, ownership withdrawal on accounting Stop, API, UI, readiness, support bundles, and docs; external release certification remains.","Implemented typed address policy compiler/decompiler with IPv4/IPv6 pools, framed addresses, framed prefixes, delegated IPv6 prefixes, RA prefixes, DHCPv6/RA modes, owner, revision, conflict modes, lifecycle withdrawal, deterministic fingerprints, and ownership keys.","Rendered standard Framed-IP-Address, Framed-IP-Netmask, Framed-Pool, Framed-IPv6-Address, Framed-IPv6-Prefix, Framed-IPv6-Pool, Delegated-IPv6-Prefix, AegisNAS product VSAs, and Cisco/Juniper/Huawei/H3C/Nokia/MikroTik address and prefix attributes; decompiled observed standard/product/vendor attributes into normalized address intent.","Defined neutral per-role address intent, pool registry validation, owner semantics, assignment cardinality limits, conflict modes, DHCPv6 and RA metadata, CoA/reauth/withdraw/accounting-stop lifecycle actions, and evidence-only preview/decompile boundaries.","Added schema v61 address_policy_events and address_policy_ownership with operation/status, session/acct/role/owner/revision, assignment/attribute/diagnostic counts, JSON evidence, fingerprints, active/withdrawn ownership rows, indexes, and migration repair.","Added /api/v1/system/address-policy, /preview, /compile, /decompile, and /history with RBAC, OpenAPI, production readiness, system status, and support-bundle captures.","Added Access Settings address pool/DHCPv6/RA/role policy editor and Dashboard address policy status/evidence visibility.","Added compiler, decompiler, withdrawal, reply rendering, product VSA parser, config validation, migration, DB event/ownership, API, readiness, RBAC, OpenAPI, support-bundle, and UI build coverage; external FreeRADIUS, DHCPv6/RA, and device labs remain release certification.","Published ipv4-ipv6-pools-dhcpv6-ra-prefix-delegation.md and nas-0056-release-certification-checklist.md; updated admin API, operations, external AAA product mode, feature-capability framework, upgrade runbook, config example, roadmap, and backlog docs.","Software acceptance complete; APIs/UI expose effective state and evidence; automated tests cover software behavior; external FreeRADIUS, DHCPv6/RA, vendor-device/controller, HA, performance, soak, security, and customer validation is not a software completion blocker.","Software implementation is 100% complete and ready for external validation; production release sign-off still requires the NAS-0056 release certification checklist."
"NAS-0057","CGNAT, NAT64, and deterministic subscriber translation","Phase 6 - Policy Engine and Enforcement","Policy/Enforcement","ISP/BNG vendors","ERX; Huawei; Nokia; Starent","RFC 6888;RFC 6146","High","NAS-0055;NAS-0083","XL","Complete","Engineering complete for CGNAT, NAT44, NAT64, dual-stack, DS-Lite, MAP-T translation intent, deterministic public IPv4 and port-block selection, logging/accounting correlation, ownership lifecycle, API, UI, readiness, support bundles, and docs; external release certification remains.","Implemented typed translation policy compiler/decompiler with public IPv4 pools, private IPv4 prefix, subscriber IPv6 prefix, NAT64 prefix, deterministic port blocks, owner, revision, conflict modes, accounting keys, fingerprints, and Stop withdrawal.","Rendered AegisNAS product VSAs 45 through 58 plus Cisco, Juniper, Huawei, H3C, Nokia AVPair-style translation hints, H3C NAT IP, Starent NAT IP and pool, ERX pool, and Ruckus NAT pool selectors; parsed inbound product VSAs into broker context.","Defined neutral translation intent, deterministic selection, conflict precedence, ownership, mapping limits, logging requirements, lifecycle withdrawal, RFC references, and preview/decompile evidence boundaries.","Added schema v62 translation_policy_events and translation_policy_ownership with summaries, ownership upsert, active/withdrawn state, Accounting Stop withdrawal, indexes, and schema repair.","Added typed status, preview, compile, decompile, history, OpenAPI, RBAC, production readiness, system status, and support bundle APIs for translation policy.","Added Access Settings editors for global translation settings, public pools, role policies, NAT64 prefix, deterministic ports, logging/accounting flags, and Dashboard health summary.","Added compiler, decompiler, reply rendering, product VSA parsing, DB ownership, withdrawal, API, readiness, registry, and dictionary contract tests.","Documented configuration, APIs, operations, schema v62 upgrade, external AAA product mode, capability framework, and NAS-0057 release certification checklist.","All software behavior for CGNAT, NAT64, and deterministic subscriber translation is implemented and covered by automated tests; hardware dataplane and product/firmware interop evidence is tracked outside engineering.","Production readiness software check is `cgnat_nat64_deterministic_translation`; external certification requires production PEN, hardware interop, FreeRADIUS captures, HA drills, benchmarks, security review, and customer acceptance evidence."
"NAS-0058","Atomic enforcement transactions and drift rollback","Phase 6 - Policy Engine and Enforcement","Policy/Enforcement","All controllers and local enforcement","All","RFC 5176","Critical","NAS-0048;NAS-0050;NAS-0052;NAS-0054","XL","Complete","Engineering complete for atomic cross-target enforcement transactions, ordered previews, fail-closed apply, reverse-order compensation, drift detection, rollback history, API, UI, readiness, support bundles, and docs; external release certification remains.","Implemented transaction coordinator over VLAN lifecycle, runtime QoS, runtime firewall, and controller sync with deterministic plan fingerprints, target summaries, diagnostics, drift status, and first-apply degraded handling.","Rendered and compared target fingerprints from existing VLAN, QoS, firewall, and controller participants; packet-level vendor enforcement proof remains release certification because it requires external devices.","Defined neutral transaction intent, dependency order, fail-closed boundaries, compensation support, rollback selection, drift semantics, timeout policy, retention policy, and release-certification split.","Added schema v63 enforcement_transactions, enforcement_transaction_steps, and enforcement_drift_events with request, plan, result, diagnostics, target step, snapshot, drift, and timestamp evidence.","Added /api/v1/system/enforcement-transactions, /preview, /apply, /drift, /rollback, and /history with RBAC, OpenAPI, production readiness, system status, and support-bundle captures.","Added Access Settings controls for transaction policy and Dashboard visibility for target readiness, transaction history, drift, compensation, and rollback evidence.","Added config validation, migration/DB ledger, coordinator atomicity, compensation, drift, rollback, API, RBAC, OpenAPI, support-bundle, and build coverage; external FreeRADIUS, hardware, HA, and soak labs remain release certification.","Published atomic-enforcement-transactions.md and nas-0058-release-certification-checklist.md; updated admin API, operations, external AAA product mode, feature-capability framework, upgrade runbook, config example, roadmap, and backlog docs.","Software acceptance complete; APIs/UI expose effective state and evidence; automated tests cover software behavior; external FreeRADIUS, vendor-device/controller, HA, performance, soak, security, and customer validation is not a software completion blocker.","Software implementation is 100% complete and ready for external validation; production release sign-off still requires the NAS-0058 release certification checklist."
"NAS-0059","Dynamic routing integration for subscriber routes","Phase 6 - Policy Engine and Enforcement","Policy/Enforcement","BNG and router vendors","Juniper; ERX; Nokia; Huawei; Cisco","RFC 4271;RFC 2328;RFC 5340;RFC 5176","Medium","NAS-0054;NAS-0057","XL","Complete","Engineering complete for BGP, OSPF, and OSPF3 subscriber route export planning, FRR artifact rendering, route dampening, active ownership input, withdrawal comparison, gated apply, rollback snapshots, atomic transaction participation, API, UI, readiness, support bundles, CI target, and docs; external release certification remains.","Implemented subscriber route export planner and apply/rollback runtime over active route_policy_ownership rows with deterministic FRR artifact fingerprints, file and frr-vtysh drivers, route-map/prefix-list/static-route rendering, route withdrawals, diagnostics, and runtime status.","Consumed standard and vendor-derived route ownership created from Framed-Route, Framed-IPv6-Route, AegisNAS route VSAs, and Cisco/Juniper/Huawei/Nokia AVPair route semantics; external packet and router behavior proof is release certification.","Defined neutral subscriber route export semantics, BGP/OSPF/OSPF3 protocol scope, VRF matching, address-family support, route-age dampening, export limits, fail-closed diagnostics, apply gating, rollback, and atomic transaction boundaries.","Added schema v64 subscriber_route_export_snapshots and subscriber_route_export_events with rendered artifact text, command previews, plans, diagnostics, summaries, active snapshots, previous snapshots, actors, timestamps, and indexes.","Added /api/v1/system/subscriber-route-export, /preview, /apply, /rollback, and /history with RBAC, OpenAPI, production readiness, system status, support-bundle captures, and atomic enforcement target integration.","Added Access Settings dynamic routing editor for enablement, apply gate, driver, artifact path, vtysh path, dampening, max exported routes, and protocol definitions.","Added config validation, DB snapshot/event/summary, planner/apply/withdraw/rollback, admin API/readiness/OpenAPI/RBAC/support-bundle, atomic participant, and UI build coverage; external FRR and router labs remain release certification.","Published dynamic-subscriber-route-export.md and nas-0059-release-certification-checklist.md; updated admin API, operations, external AAA product mode, feature-capability framework, config example, CI, roadmap, and backlog docs.","Software acceptance complete; APIs/UI expose effective state and evidence; automated tests cover software behavior; external FreeRADIUS, FRR, vendor-router, HA, performance, soak, security, and customer validation is not a software completion blocker.","Software implementation is 100% complete and ready for external validation; production release sign-off still requires the NAS-0059 release certification checklist."
"NAS-0060","Certify all 141 current partial mappings","Phase 7 - Vendor Compatibility","Vendor Compatibility","28 currently mapped namespaces","28 mapped dictionaries","RFC 2865;RFC 2866;RFC 5176","Critical","NAS-0002;NAS-0004;NAS-0121","XL","Complete","Software implementation complete; external FreeRADIUS production Linux, vendor hardware/controller firmware, HA, performance, soak, security, deployment, and customer validation evidence is tracked in nas-0060-release-certification-checklist.md.","Implemented a deterministic NAS-0060 certification report derived from the pinned FreeRADIUS 3.2.8 audit registry, typed registry, compatibility evidence, semantic policy registry, enforcement owners, readiness, status, support bundle, and UI surfaces.","Certified every baseline partial mapping for bounded packet codec coverage, generated runtime decoder or generic VSA codec handling, outbound reply-render evidence where applicable, and explicit malformed/unknown behavior ownership through existing packet-hardening and opaque-pass-through paths.","Mapped each certified row to vendor-neutral semantics with policy ownership, enforcement surface classification, readiness blockers, and release-scope separation from external hardware claims.","Added schema v65 vendor_mapping_certification_events with release profile, source hash, baseline counts, certified/blocker/external counts, vendor count, fingerprint, summary JSON, full report JSON, actor, timestamps, and indexes.","Added /api/v1/system/vendor-mapping-certification, /record, and /history with RBAC, OpenAPI, production readiness, system status, and support-bundle capture.","Added Vendor Compatibility UI panel for NAS-0060 summary, fingerprint, record action, vendor rollup, sample records, external checklist, and persisted event count.","Added config contract tests, DB ledger tests, admin API/readiness/OpenAPI/RBAC/support-bundle tests, frontend build coverage, and CI target test-vendor-mapping-certification; external hardware evidence remains release certification.","Published vendor-mapping-certification.md and nas-0060-release-certification-checklist.md; updated admin API, operations, external AAA mode, feature capability framework, master roadmap, backlog, Makefile, and CI docs.","Software acceptance complete; 141/141 audit-source partial mappings are software-certified, API/UI expose effective state and evidence, and external certification is explicitly separated from engineering completion.","Software implementation is 100% complete and ready for external validation; production release sign-off still requires the NAS-0060 release certification checklist."
"NAS-0061","Cisco enterprise, VPN, wireless, and mobile-core pack","Phase 7 - Vendor Compatibility","Vendor Compatibility","Cisco; Airespace; Cisco-ASA; Cisco-BBSM; Cisco-VPN3000; Cisco-VPN5000; Starent; Meraki","Cisco family dictionaries","RFC 2865;RFC 2866;RFC 5176","Critical","NAS-0044;NAS-0048;NAS-0060","XL","Complete","Software implementation complete; Cisco-family hardware/controller, FreeRADIUS production Linux, HA, performance, soak, security, deployment, and customer validation evidence is tracked in nas-0061-release-certification-checklist.md.","Implemented a deterministic NAS-0061 Cisco-family report derived from the pinned FreeRADIUS 3.2.8 registry, covering all 922 Cisco, Airespace/WLC, ASA/VPN, Starent, and Meraki rows with vendor and capability rollups.","Implemented Cisco-AVPair parser, classifier, compiler, repeated-value inbound normalization, reply rendering for TrustSec SGT, VPN, voice, shell privilege/roles, posture, audit session, route, VRF, pool, translation, charging, safe malformed rejection, and bounded unknown preservation.","Mapped known Cisco-family attributes to neutral semantics and classified dictionary-known rows as native semantic mappings or governed typed pass-through with explicit no-silent-enforcement claims.","Added schema v66 cisco_family_pack_events with release profile, source hash, attribute/native/pass-through/grammar/certified/blocker/external/vendor counts, fingerprint, summary JSON, full report JSON, actor, timestamps, and indexes.","Added /api/v1/system/cisco-family-pack, /record, and /history with RBAC, OpenAPI, production readiness, system status, and support-bundle capture.","Added Vendor Compatibility UI panel for NAS-0061 summary, fingerprint, record action, vendor rollup, capability rollup, AVPair grammar, sample records, external checklist, and persisted event count.","Added config report tests, RADIUS AVPair parser/compiler/inbound/reply tests, DB ledger tests, admin API/readiness/OpenAPI/RBAC/support-bundle tests, Makefile/CI target, frontend build coverage; external device labs remain release certification.","Published cisco-family-pack.md and nas-0061-release-certification-checklist.md; updated admin API, operations, external AAA product mode, feature capability framework, master roadmap, backlog, Makefile, and CI docs.","Software acceptance complete; 922/922 Cisco-family rows are software-certified, API/UI expose effective state and evidence, and external certification is explicitly separated from engineering completion.","Software implementation is 100% complete and ready for external validation; production release sign-off still requires the NAS-0061 release certification checklist."
"NAS-0062","Aruba, HP, Colubris, and Aerohive pack","Phase 7 - Vendor Compatibility","Vendor Compatibility","Aruba; HP; Colubris; Aerohive","Aruba; HP; Colubris; Aerohive","RFC 2865;RFC 5176","Critical","NAS-0048;NAS-0052;NAS-0074","XL","Complete","Software implementation complete; ArubaOS, Aruba Central, ClearPass, HP/ArubaOS-Switch, Aerohive/Extreme, Colubris/MSM, FreeRADIUS production Linux, HA, performance, soak, security, deployment, and customer validation evidence is tracked in nas-0062-release-certification-checklist.md.","Implemented a deterministic NAS-0062 Aruba/HPE-family report derived from the pinned FreeRADIUS 3.2.8 registry, covering all 125 Aruba, HP/ArubaOS-Switch, Aerohive/Extreme, and Colubris/MSM rows with vendor, capability, policy grammar, and sensitive-redaction rollups.","Implemented Aruba/HPE-family parser, classifier, repeated-value inbound normalization, reply rendering for ClearPass roles, named VLANs, NAS filter rules, captive portal, MDPS/device context, AirGroup, MPSK key names, DPP service metadata, UBT/gateway, QoS, HP privilege/Bonjour/URI, Aerohive IDM/client monitor, Colubris intercept, safe malformed rejection, and secret redaction.","Mapped known Aruba/HPE-family attributes to neutral semantics and classified dictionary-known rows as native semantic mappings, policy parse/compile mappings, redacted secret evidence, or governed typed pass-through with explicit no-silent-enforcement claims.","Added schema v67 aruba_family_pack_events with release profile, source hash, attribute/native/pass-through/grammar/certified/blocker/external/vendor counts, fingerprint, summary JSON, full report JSON, actor, timestamps, and indexes.","Added /api/v1/system/aruba-family-pack, /record, and /history with RBAC, OpenAPI, production readiness, system status, and support-bundle capture.","Added Vendor Compatibility UI panel for NAS-0062 summary, fingerprint, record action, vendor rollup, capability rollup, grammar, sample records, external checklist, sensitive redaction, and persisted event count.","Added config report tests, registry runtime annotation coverage, RADIUS parser/reply/inbound tests, DB ledger tests, admin API/readiness/OpenAPI/RBAC/support-bundle tests, Makefile/CI target, and frontend build coverage; external device labs remain release certification.","Published aruba-family-pack.md and nas-0062-release-certification-checklist.md; updated admin API, operations, external AAA product mode, feature capability framework, master roadmap, backlog, Makefile, and CI docs.","Software acceptance complete; 125/125 Aruba/HPE-family rows are software-certified, API/UI expose effective state and evidence, secrets are redacted, and external certification is explicitly separated from engineering completion.","Software implementation is 100% complete and ready for external validation; production release sign-off still requires the NAS-0062 release certification checklist."
"NAS-0063","Juniper, ERX, Extreme, and Mist pack","Phase 7 - Vendor Compatibility","Vendor Compatibility","Juniper; ERX; Extreme; Juniper Mist","Juniper; ERX; Extreme","RFC 2865;RFC 2866;RFC 5176","Critical","NAS-0032;NAS-0054;NAS-0082","XL","Complete","Software implementation complete; external Junos, ERX/E-Series, Extreme, Mist controller, FreeRADIUS-on-Linux, HA, performance, soak, security, and customer evidence are tracked in nas-0063-release-certification-checklist.md.","Implemented versioned NAS-0063 certification report, product scopes, runtime annotations, evidence storage, readiness/status/support-bundle wiring, and admin API handlers.","Implemented inbound normalization and outbound rendering for Juniper AVPair/filter/CoS/CWA, ERX VRF/pool/PPPoE/service/QoS/IPv6/PCEF/CoA, and Extreme CLI/netlogin/extended-VLAN/VM attributes with bounded malformed and unknown handling.","Mapped attributes to neutral role, VLAN, ACL, dynamic ACL, portal, VRF, route, address-pool, QoS, accounting, tenant, session-action, CoA, translation, and redacted-secret semantics while preserving typed pass-through for unsafe or product-specific rows.","Added schema v68 juniper_extreme_pack_events with source hash, fingerprint, counts, summary/report JSON, actor, timestamps, indexes, and lifecycle queries.","Added /api/v1/system/juniper-extreme-pack, /record, /history plus OpenAPI, RBAC, production-readiness, system-status, and support-bundle capture.","Added Vendor Compatibility NAS-0063 panel with software completion, vendors, product scopes, capabilities, grammar, records, fingerprint, and record-evidence action.","Added config, parser/rendering, DB, admin API, OpenAPI, RBAC, readiness, support-bundle, UI build, Makefile, and CI target coverage; external tests remain release certification.","Published juniper-extreme-pack.md and nas-0063-release-certification-checklist.md; updated admin API, operations, external AAA mode, feature framework, roadmap, backlog, Makefile, and CI.","All software behavior for Juniper, ERX, Extreme, and Mist pack passes automated tests; API/UI expose effective state and evidence; no silent unsupported claim remains; external real-device and FreeRADIUS lab proof is release certification.","Software implementation is 100% complete and ready for external validation; production release sign-off still requires the NAS-0063 release certification checklist."
"NAS-0064","Ruckus and ICX pack","Phase 7 - Vendor Compatibility","Vendor Compatibility","Ruckus; ICX","Ruckus; Foundry","RFC 2865;RFC 5176","High","NAS-0048;NAS-0074","XL","Complete","Software implementation complete; external Ruckus SmartZone, ZoneDirector, Unleashed, Ruckus One, ICX/FastIron, FreeRADIUS-on-Linux, HA, performance, soak, security, production deployment, and customer evidence are tracked in nas-0064-release-certification-checklist.md.","Implemented versioned NAS-0064 certification report, product scopes, runtime annotations, evidence storage, readiness/status/support-bundle wiring, and admin API handlers.","Implemented inbound normalization and outbound rendering for Ruckus FlexAuth, role groups, VLAN, VLAN pool, guest portal, DPSK redaction, WLAN context, QoS, quota, NAT pool, mobile-core/accounting context, posture, tenant, and Foundry/ICX command, access-list, 802.1X, CoA, role-template, and voice attributes with bounded malformed and unknown handling.","Mapped attributes to neutral role, VLAN, ACL, dynamic ACL, portal, bandwidth, quota, address-pool, IPv4, accounting, device group, posture, tenant, session-timeout, command authorization, CoA, and redacted-secret semantics while preserving typed pass-through for product-specific rows.","Added schema v69 ruckus_icx_pack_events with source hash, fingerprint, counts, summary/report JSON, actor, timestamps, indexes, and lifecycle queries.","Added /api/v1/system/ruckus-icx-pack, /record, /history plus OpenAPI, RBAC, production-readiness, system-status, and support-bundle capture.","Added Vendor Compatibility NAS-0064 panel with software completion, vendors, product scopes, capabilities, grammar, records, fingerprint, and record-evidence action.","Added config, parser/rendering, DB, admin API, OpenAPI, RBAC, readiness, support-bundle, UI build, Makefile, and CI target coverage; external tests remain release certification.","Published ruckus-icx-pack.md and nas-0064-release-certification-checklist.md; updated admin API, operations, external AAA mode, feature framework, roadmap, backlog, Makefile, and CI.","All software behavior for Ruckus and ICX pack passes automated tests; API/UI expose effective state and evidence; no silent unsupported claim remains; external real-device and FreeRADIUS lab proof is release certification.","Software implementation is 100% complete and ready for external validation; production release sign-off still requires the NAS-0064 release certification checklist."
"NAS-0065","Fortinet and Palo Alto security pack","Phase 7 - Vendor Compatibility","Vendor Compatibility","Fortinet; PaloAlto","Fortinet; PaloAlto","RFC 2865;RFC 5176","High","NAS-0048;NAS-0044;NAS-0120","XL","Complete","Software implementation complete; external Fortinet appliance/controller, PAN-OS, GlobalProtect, Panorama, FreeRADIUS-on-Linux, HA, performance, soak, security, production deployment, and customer evidence are tracked in nas-0065-release-certification-checklist.md.","Implemented versioned NAS-0065 certification report, product scopes, grammar, runtime annotations, evidence storage, readiness/status/support-bundle wiring, and admin API handlers.","Implemented inbound normalization and outbound rendering for Fortinet group, client IPv4/IPv6, VDOM, tenant, interface, SSID, AP, FAC auth/token/challenge redaction, web filter, application control, wireless controller accounting, FortiWAN AVPair, host-port AVPair, FortiDeceptor/FDD, FPC role, PAN-OS admin role/domain, User-ID, GlobalProtect, and Panorama attributes with bounded malformed and unknown handling.","Mapped attributes to neutral role, tenant, VRF, device group, posture, policy tag, dynamic ACL, route, IPv4, IPv6, accounting identity, certificate onboarding, redacted-secret, and typed pass-through semantics while preserving explicit vendor-owned evidence.","Added schema v70 fortinet_paloalto_pack_events with source hash, fingerprint, counts, summary/report JSON, actor, timestamps, indexes, and lifecycle queries.","Added /api/v1/system/fortinet-paloalto-pack, /record, /history plus OpenAPI, RBAC, production-readiness, system-status, and support-bundle capture.","Added Vendor Compatibility NAS-0065 panel with software completion, vendors, product scopes, capabilities, grammar, records, fingerprint, and record-evidence action.","Added config, parser/rendering, Fortinet dynamic-action compiler, DB, admin API, OpenAPI, RBAC, readiness, support-bundle, UI build, Makefile, and CI target coverage; external tests remain release certification.","Published fortinet-paloalto-pack.md and nas-0065-release-certification-checklist.md; updated admin API, operations, external AAA mode, feature framework, roadmap, backlog, Makefile, and CI.","All software behavior for Fortinet and Palo Alto security pack passes automated tests; API/UI expose effective state and evidence; no silent unsupported claim remains; external real-device and FreeRADIUS lab proof is release certification.","Software implementation is 100% complete and ready for external validation; production release sign-off still requires the NAS-0065 release certification checklist."
"NAS-0066","Meraki, UniFi, and OpenWiFi cloud pack","Phase 7 - Vendor Compatibility","Vendor Compatibility","Meraki; Ubiquiti/UniFi; OpenWiFi","Meraki; OpenWiFi; authoritative external UBNT","RFC 2865;RFC 5176","High","NAS-0003;NAS-0074","XL","Complete","Software implementation complete; external Meraki Dashboard, UniFi Network, TIP OpenWiFi OWGW/uCentral, access point, gateway, switch, appliance, FreeRADIUS-on-Linux, HA, performance, soak, security, production deployment, and customer evidence are tracked in nas-0066-release-certification-checklist.md.","Implemented versioned NAS-0066 certification report, product scopes, grammar, runtime source boundaries, evidence storage, readiness/status/support-bundle wiring, and admin API handlers.","Implemented inbound normalization for Meraki device/network/AP/tag telemetry and OpenWiFi AP MAC identity, plus UBNT bps rate parsing and reply rendering for UniFi deployments with bounded malformed and unknown handling through the generated runtime registry.","Mapped attributes to neutral device group, tenant, accounting identity, device posture, download bandwidth, and upload bandwidth semantics while preserving explicit cloud-controller and runtime-extension evidence boundaries.","Added schema v71 cloud_controller_pack_events with source hash, fingerprint, counts, summary/report JSON, actor, timestamps, indexes, and lifecycle queries.","Added /api/v1/system/cloud-controller-pack, /record, /history plus OpenAPI, RBAC, production-readiness, system-status, and support-bundle capture.","Added Vendor Compatibility NAS-0066 panel with software completion, vendors, product scopes, capabilities, grammar, records, fingerprint, and record-evidence action.","Added config, packet parser/rendering, DB, admin API, OpenAPI, RBAC, readiness, support-bundle, UI build, Makefile, and CI target coverage; external tests remain release certification.","Published cloud-controller-pack.md and nas-0066-release-certification-checklist.md; updated admin API, operations, external AAA mode, feature framework, roadmap, backlog, Makefile, and CI.","All software behavior for Meraki, UniFi, and OpenWiFi cloud pack passes automated tests; API/UI expose effective state and evidence; no silent unsupported claim remains; external real-device, cloud-controller, and FreeRADIUS lab proof is release certification.","Software implementation is 100% complete and ready for external validation; production release sign-off still requires the NAS-0066 release certification checklist."
"NAS-0067","Cambium, TP-Link, and D-Link access pack","Phase 7 - Vendor Compatibility","Vendor Compatibility","Cambium; TPLink; Dlink","Cambium; TPLink; Dlink","RFC 2865;RFC 5176","High","NAS-0048;NAS-0074","L","Complete","Software implementation complete; external Cambium cnMaestro/ePMP/PMP, TP-Link Omada, D-Link/Nuclias, access point, switch, gateway, FreeRADIUS-on-Linux, HA, performance, soak, security, production deployment, and customer evidence are tracked in nas-0067-release-certification-checklist.md.","Implemented versioned NAS-0067 certification report, product scopes, grammar, runtime registry annotations, vendor pack catalog expansion, evidence storage, readiness/status/support-bundle wiring, and admin API handlers.","Implemented inbound normalization and reply rendering for Cambium role/VLAN/rate/quota/walled-garden, TP-Link Omada rate/site/group/redirect/portal/auth-key evidence, and D-Link role/VLAN/bandwidth/priority/ACL fields with bounded malformed and unknown handling through the generated runtime registry.","Mapped all 49 pinned Cambium, TPLink, and Dlink rows to neutral role, VLAN, bandwidth, quota, portal, accounting, posture, ACL, dynamic ACL, certificate-onboarding redaction, and CoA lifecycle semantics while preserving explicit external certification boundaries.","Added schema v72 access_vendor_pack_events with source hash, fingerprint, counts, summary/report JSON, actor, timestamps, indexes, and lifecycle queries.","Added /api/v1/system/access-vendor-pack, /record, /history plus OpenAPI, RBAC, production-readiness, system-status, and support-bundle capture.","Added Vendor Compatibility NAS-0067 panel with software completion, vendors, product scopes, capabilities, grammar, records, fingerprint, redacted secret counts, and record-evidence action.","Added config, packet parser/rendering, ACL compiler, DB, admin API, OpenAPI, RBAC, readiness, support-bundle, UI build, Makefile, and CI target coverage; external tests remain release certification.","Published access-vendor-pack.md and nas-0067-release-certification-checklist.md; updated admin API, operations, external AAA mode, feature framework, roadmap, audit, vendor roadmap, backlog, Makefile, and CI.","All software behavior for Cambium, TP-Link, and D-Link access pack passes automated tests; API/UI expose effective state and evidence; no silent unsupported claim remains; external real-device, controller, and FreeRADIUS lab proof is release certification.","Software implementation is 100% complete and ready for external validation; production release sign-off still requires the NAS-0067 release certification checklist."
"NAS-0068","Huawei, H3C, and ZTE broadband pack","Phase 7 - Vendor Compatibility","Vendor Compatibility","Huawei; H3C; ZTE","Huawei; H3C; ZTE","RFC 2865;RFC 2866;RFC 5176","Critical","NAS-0032;NAS-0049;NAS-0082","XL","Complete","Software implementation complete; external Huawei MA/NE/CloudEngine/WLAN/iMaster, H3C Comware/iMC/BRAS/BNG, ZTE ZX/BNG/PPPoE, FreeRADIUS-on-Linux, HA, performance, soak, security, production deployment, and customer evidence are tracked in nas-0068-release-certification-checklist.md.","Implemented versioned NAS-0068 certification report, product scopes, grammar, runtime registry annotations, vendor pack catalog expansion, evidence storage, readiness/status/support-bundle wiring, and admin API handlers.","Implemented inbound normalization and reply rendering for Huawei role/QoS/rates/ACL/portal/AVPair/route/address/NAT semantics, H3C role/group/rates/ITA/portal/AVPair/NAT semantics, and ZTE PPPoE/QoS/SCR/IPv6 rate/privilege semantics with bounded malformed and unknown handling through the generated runtime registry.","Mapped all 308 pinned Huawei, H3C, and ZTE rows to neutral role, policy, route, VRF, address-pool, IPv4/IPv6, delegated-prefix, QoS, NAT/translation, multicast, portal, subscriber, accounting, charging, device, tenant, posture, redacted credential, and CoA lifecycle semantics while preserving explicit external certification boundaries.","Added schema v73 broadband_vendor_pack_events with source hash, fingerprint, counts, summary/report JSON, actor, timestamps, indexes, and lifecycle queries.","Added /api/v1/system/broadband-vendor-pack, /record, /history plus OpenAPI, RBAC, production-readiness, system-status, and support-bundle capture.","Added Vendor Compatibility NAS-0068 panel with software completion, vendors, product scopes, capabilities, grammar, records, fingerprint, redacted secret counts, and record-evidence action.","Added config, packet parser/rendering, rate compiler, translation policy, DB, admin API, OpenAPI, RBAC, readiness, support-bundle, UI build, Makefile, and CI target coverage; external tests remain release certification.","Published broadband-vendor-pack.md and nas-0068-release-certification-checklist.md; updated admin API, operations, external AAA mode, feature framework, roadmap, audit, vendor roadmap, backlog, Makefile, and CI.","All software behavior for Huawei, H3C, and ZTE broadband pack passes automated tests; API/UI expose effective state and evidence; no silent unsupported claim remains; external real-device, controller, BRAS/BNG, and FreeRADIUS lab proof is release certification.","Software implementation is 100% complete and ready for external validation; production release sign-off still requires the NAS-0068 release certification checklist."
"NAS-0069","Nokia and Alcatel-Lucent service-router pack","Phase 7 - Vendor Compatibility","Vendor Compatibility","Nokia; Alcatel; Alcatel-ESAM; Alcatel-Lucent-Service-Router; ALU-AAA","Nokia; Alcatel family","RFC 2865;RFC 2866;RFC 5176","Critical","NAS-0032;NAS-0054;NAS-0082","XL","Complete","Software implementation complete; external Nokia SR OS, Alcatel AAT, Alcatel ESAM, ALU-AAA, FreeRADIUS-on-Linux, HA, performance, soak, security, production deployment, and customer evidence are tracked in nas-0069-release-certification-checklist.md.","Implemented versioned NAS-0069 certification report, product scopes, grammar, runtime registry annotations, vendor pack catalog expansion, evidence storage, readiness/status/support-bundle wiring, and admin API handlers.","Implemented inbound normalization and reply rendering for Nokia AVPair/BCD/user-profile, Alcatel AAT address/QoS/filter, ESAM VLAN/VRF/QoS/DHCP/PPPoE evidence, ALU SR OS subscriber/SLA/route/IPv6/NAT/portal/ACL semantics, and ALU-AAA access-rule/AVPair/service-profile/location/event semantics with bounded malformed and unknown handling through the generated runtime registry.","Mapped all 334 pinned Nokia, Alcatel, Alcatel-ESAM, Alcatel-Lucent-Service-Router, and ALU-AAA rows to neutral role, VLAN, policy, ACL, route, VRF, address-pool, IPv4/IPv6, delegated-prefix, DHCPv6, RA, QoS/SLA, NAT/translation, portal, subscriber, accounting, charging, device, tenant, posture, mobile-auth redaction, and CoA lifecycle semantics while preserving explicit external certification boundaries.","Added schema v74 nokia_alu_pack_events with source hash, fingerprint, counts, summary/report JSON, actor, timestamps, indexes, and lifecycle queries.","Added /api/v1/system/nokia-alu-pack, /record, /history plus OpenAPI, RBAC, production-readiness, system-status, and support-bundle capture.","Added Vendor Compatibility NAS-0069 panel with software completion, vendors, product scopes, capabilities, grammar, records, fingerprint, redacted secret counts, and record-evidence action.","Added config, packet parser/rendering, ACL compiler, route/address/translation policy compatibility, DB, admin API, OpenAPI, RBAC, readiness, support-bundle, UI build, Makefile, and CI target coverage; external tests remain release certification.","Published nokia-alu-service-router-pack.md and nas-0069-release-certification-checklist.md; updated admin API, operations, external AAA product mode, feature framework, config example, CI, roadmap, audit, vendor roadmap, backlog, dictionary profile, and matrix docs.","All software behavior for Nokia and Alcatel-Lucent service-router pack passes automated tests; API/UI expose effective state and evidence; no silent unsupported claim remains; external FreeRADIUS/vendor/HA/performance/soak/security evidence is release certification.","Software implementation is 100% complete and ready for external validation; production release sign-off still requires the NAS-0069 release certification checklist."
"NAS-0070","MikroTik RouterOS, PPP, hotspot, and CAPsMAN pack","Phase 7 - Vendor Compatibility","Vendor Compatibility","Mikrotik","Mikrotik","RFC 2865;RFC 5176","High","NAS-0049;NAS-0055;NAS-0082","XL","Complete","Software-certifies all 32 pinned MikroTik rows; external RouterOS, CAPsMAN, PPP/PPPoE, hotspot, CoA, HA, performance, soak, security, and customer proof remain release certification.","Implemented versioned NAS-0070 certification report, RouterOS product scopes, grammar ledger, runtime registry annotations, vendor pack catalog expansion, evidence storage, readiness/status/support-bundle wiring, admin API handlers, and Vendor Compatibility UI.","Implemented inbound normalization and reply rendering for RouterOS rate-limit, group, address-list, switching-filter, host IP, delegated IPv6 pool, hotspot advertise URL/interval, realm, mark-id, DHCP options, wireless posture/VLAN/signal/comment, quota low-word/gigawords, and redacted wireless secrets.","Mapped all 32 pinned rows to neutral role, VLAN, bandwidth, quota, ACL, portal, guest lifecycle, tenant, policy-tag, address, delegated-prefix, device posture, accounting evidence, certificate redaction, and CoA lifecycle semantics with bounded unknown handling.","Added schema v75 mikrotik_pack_events with source hash, fingerprint, counts, summary/report JSON, actor, timestamps, indexes, and lifecycle queries.","Added /api/v1/system/mikrotik-pack, /record, /history plus OpenAPI, RBAC, production-readiness, system-status, and support-bundle capture.","Added Vendor Compatibility NAS-0070 panel with software completion, vendors, product scopes, capabilities, grammar, records, fingerprint, redacted secret counts, and record-evidence action.","Added registry, config, packet parser/rendering, ACL compiler, outbound DAC, DB, admin API, OpenAPI, RBAC, readiness, support-bundle, UI build, Makefile, and CI target coverage; external tests remain release certification.","Published mikrotik-routeros-pack.md and nas-0070-release-certification-checklist.md; updated admin API, operations, external AAA product mode, feature framework, config example, CI, roadmap, audit, vendor roadmap, backlog, dictionary profile, and matrix docs.","All software behavior for MikroTik RouterOS, PPP, hotspot, and CAPsMAN pack passes automated tests; API/UI expose effective state and evidence; no silent unsupported claim remains; external FreeRADIUS/vendor/HA/performance/soak/security evidence is release certification.","Software implementation is 100% complete and ready for external validation; production release sign-off still requires the NAS-0070 release certification checklist."
"NAS-0071","Dell, Brocade, Arista, Extreme, and 3Com switching pack","Phase 7 - Vendor Compatibility","Vendor Compatibility","DellEMC; Force10; Equallogic; Brocade; Foundry; Arista; Extreme; 3com","Corresponding dictionaries","RFC 2865;RFC 8907;RFC 5176","Medium","NAS-0033;NAS-0048;NAS-0052","XL","Complete","Software-certifies all 69 pinned enterprise switching rows; external switch firmware, controller APIs, FreeRADIUS Linux, CoA, HA, performance, soak, security, production deployment, and customer proof remain release certification.","Implemented versioned NAS-0071 certification report, product scopes, grammar ledger, vendor aliases, firmware profiles, runtime registry annotations, vendor pack catalog expansion, evidence storage, readiness/status/support-bundle wiring, admin API handlers, and Vendor Compatibility UI.","Implemented inbound normalization and reply rendering for 3Com access/VLAN/WLAN/portal/IP/accounting, Arista role/privilege/command/WebAuth/session/fabric, Brocade AVPairs/password lifecycle, Dell EMC group/AVpair, EqualLogic admin policy, Force10 AVPair, and retained Extreme/Foundry packet behavior.","Mapped all 69 pinned rows to neutral role, command authorization, VLAN/fabric, ACL, QoS, portal, session action, device posture, tenant, VRF, IPv4, accounting, and bounded evidence semantics with safe unknown handling.","Added schema v76 switching_vendor_pack_events with source hash, fingerprint, counts, summary/report JSON, actor, timestamps, indexes, and lifecycle queries.","Added /api/v1/system/switching-vendor-pack, /record, /history plus OpenAPI, RBAC, production-readiness, system-status, and support-bundle capture.","Added Vendor Compatibility NAS-0071 panel with software completion, vendors, product scopes, capabilities, grammar, records, fingerprint, redacted secret counts, and record-evidence action.","Added config/report tests, packet parser/rendering tests, DB lifecycle tests, admin API/OpenAPI/RBAC/readiness/support-bundle tests, Makefile target, and CI target; external tests remain release certification.","Published switching-vendor-pack.md and nas-0071-release-certification-checklist.md; updated admin API, operations, external AAA product mode, feature framework, roadmap, backlog, dictionary release profiles, and vendor pack docs.","All named behavior for Dell, Brocade, Arista, Extreme, and 3Com switching pack passes unit, integration, negative, upgrade, rollback, HA, and applicable software tests; API/UI expose effective state and evidence; no silent fallback or unsupported claim remains.","Software implementation is 100% complete and ready for external validation; production release sign-off still requires the NAS-0071 release certification checklist."
"NAS-0072","Long-tail typed namespace program","Phase 7 - Vendor Compatibility","Vendor Compatibility","All remaining in-corpus vendors","All remaining dictionaries","RFC 2865;RFC 2866;RFC 5176","High","NAS-0002;NAS-0003;NAS-0004;NAS-0005","XL","Complete","Software-certifies 1,126 pinned rows across 92 remaining in-corpus FreeRADIUS vendor namespaces; external hardware, controller, FreeRADIUS Linux, HA, performance, soak, security, compliance, production deployment, and customer proof remain release certification.","Implemented a versioned NAS-0072 certification report, long-tail pack catalog entry, product scopes, grammar ledger, runtime registry annotations, evidence storage, readiness/status/support-bundle wiring, admin API handlers, and Vendor Compatibility UI.","Implemented bounded inbound typed parsing for string, integer, IP, IPv6, MAC, octets, AVPair-like tokens, rate, quota, VLAN, bool, and redacted secret attributes through the generated runtime registry.","Mapped all NAS-0072 scoped rows to neutral role, VLAN, ACL/filter, bandwidth, quota, portal, address, route, VRF, posture, tenant, controller, certificate, accounting, CoA, and typed pass-through semantics with explicit trust and redaction rules.","Added schema v77 long_tail_namespace_events with source hash, fingerprint, counts, summary/report JSON, actor, timestamps, indexes, and lifecycle queries.","Added /api/v1/system/long-tail-namespaces, /record, /history plus OpenAPI, RBAC, production-readiness, system-status, and support-bundle capture.","Added Vendor Compatibility NAS-0072 panel with software completion, vendors, product scopes, capabilities, grammar, records, fingerprint, redacted secret counts, and record-evidence action.","Added config/report tests, packet parser/redaction tests, DB lifecycle tests, admin API/OpenAPI/RBAC/readiness/support-bundle tests, UI build, Makefile target, and CI target; external tests remain release certification.","Published long-tail-namespace-program.md and nas-0072-release-certification-checklist.md; updated admin API, operations, external AAA product mode, feature framework, roadmap, backlog, dictionary release profiles, and vendor roadmap docs.","All named software behavior for Long-tail typed namespace program passes unit, integration, negative, upgrade, rollback, HA, and applicable software tests; API/UI expose effective state and evidence; no silent fallback or unsupported claim remains.","Software implementation is 100% complete and ready for external validation; production release sign-off still requires the NAS-0072 release certification checklist."
"NAS-0073","Out-of-corpus vendor intake","Phase 7 - Vendor Compatibility","Vendor Compatibility","Ubiquiti/UBNT; Netgear; future vendors","External authoritative dictionaries","RFC 2865","Medium","NAS-0001;NAS-0003","L","Complete","Software-complete governed process for external dictionary provenance, SHA-256 validation, PEN collision detection, licensing, semantic review, versioning, API/UI evidence, and release certification separation.","Implemented versioned NAS-0073 governance and intake reports for authoritative external dictionaries; focused native adapters remain separate roadmap work when a submitted vendor/product family needs proprietary behavior.","Implemented parser-backed VSA classification for FreeRADIUS-style VENDOR, BEGIN-VENDOR, END-VENDOR, ATTRIBUTE, and VALUE directives with byte-sized runtime decode candidates, metadata-only handling for non-byte encodings, duplicate checks, and safe blocked states.","Mapped external attributes to neutral role, VLAN, ACL, bandwidth, portal, guest, posture, tenant, accounting, CoA, address, route, VRF, translation, controller, certificate-redaction, and policy-tag semantics with explicit out-of-corpus trust boundaries.","Added schema v78 external_vendor_intake_events with vendor, PEN, pack key, source URL, dictionary hash, license/provenance/PEN/semantic states, counts, fingerprint, bounded report JSON, actor, timestamps, and indexes.","Added /api/v1/system/external-vendor-intake, /preview, /record, /history plus OpenAPI, RBAC, production-readiness, system-status, and support-bundle capture.","Added Vendor Compatibility NAS-0073 panel with governance stats, operator intake form, browser SHA-256 helper, preview report, blockers/warnings, scoped rows, product scopes, fingerprint, and recent evidence history.","Added config/report tests, negative provenance/license/corpus tests, DB lifecycle tests, admin API/OpenAPI/RBAC/readiness/support-bundle tests, UI build, Makefile target, and CI target; real vendor and production Linux tests remain release certification.","Published external-vendor-intake.md and nas-0073-release-certification-checklist.md; updated admin API, operations, external AAA product mode, cloud-controller, feature framework, roadmap, audit, backlog, and vendor-pack docs.","All software behavior for Out-of-corpus vendor intake passes unit, integration, negative, upgrade-compatible migration, and software gates; API/UI expose effective state and evidence; no silent FreeRADIUS-corpus or hardware claim is made.","Software implementation is 100% complete and ready for external validation; production release sign-off still requires the NAS-0073 release certification checklist."
"NAS-0074","Complete hostapd dynamic VLAN lifecycle","Phase 8 - Enterprise Wi-Fi","Enterprise Wi-Fi","Local AP; all enterprise Wi-Fi vendors","Standard tunnel; WiFi-Alliance","RFC 2868;IEEE 802.1Q;IEEE 802.11","Critical","NAS-0052;NAS-0053","L","Complete","Software implementation complete; external local-radio, hostapd, FreeRADIUS-on-Linux, vendor AP/controller, HA, performance, soak, security, production deployment, and customer evidence are tracked in nas-0074-release-certification-checklist.md.","Implemented NAS-0074 hostapd dynamic VLAN lifecycle report, configured dynamic SSID discovery, fallback versus fail-closed mode validation, managed VLAN file planning, cleanup and rollback deltas, failed-apply rollback, readiness/status/support-bundle wiring, and admin API handlers.","Hostapd renders dynamic_vlan=1 for SSIDs with fallback VLAN, dynamic_vlan=2 for SSIDs without fallback VLAN, vlan_file consistently, and the lifecycle plan maps standard tunnel VLAN attributes into accepted local VLAN file entries.","Dynamic VLAN SSID policy now blocks rollout when runtime VLAN lifecycle is disabled, when no parent interface exists, when hostapd VLAN file entries are empty, or when unsafe VLAN/interface/bridge intent is detected; fallback and fail-closed behavior is explicit in policy evidence.","Reused schema v58 vlan_lifecycle_snapshots and vlan_lifecycle_events; snapshots store full plan JSON, hostapd bindings, cleanup/rollback previews, generated VLAN file text/SHA, previous snapshot linkage, actors, timestamps, and evidence summaries.","Added /api/v1/system/hostapd-vlan-lifecycle, /preview, /apply, /rollback, and /history with OpenAPI, RBAC, production readiness, system status, and support-bundle capture.","Added Access Settings hostapd dynamic VLAN lifecycle panel with status, counts, bindings, VLAN file preview, cleanup preview, rollback preview, and preview/apply/rollback controls.","Added hostapd rendering tests, lifecycle planner tests, fail-closed and fallback tests, empty VLAN file blocker tests, cleanup/rollback delta tests, failed-apply rollback tests, admin API/readiness/OpenAPI/RBAC/support-bundle tests, Makefile/CI target, and frontend build coverage.","Published hostapd-dynamic-vlan-lifecycle.md and nas-0074-release-certification-checklist.md; updated admin API, operations, external AAA product mode, dynamic VLAN lifecycle, feature capability framework, audit, roadmap, backlog, Makefile, and CI.","All software behavior for Complete hostapd dynamic VLAN lifecycle passes automated tests; API/UI expose effective state and evidence; no silent fallback or unsupported claim remains; external hardware and customer validation are release certification.","Software implementation is 100% complete and ready for external validation; production release sign-off still requires the NAS-0074 release certification checklist."
"NAS-0075","802.11r/k/v roaming and key lifecycle","Phase 8 - Enterprise Wi-Fi","Enterprise Wi-Fi","Cisco; Aruba; Ruckus; Extreme; Meraki; UniFi","WiFi-Alliance and vendor dictionaries","IEEE 802.11;IEEE 802.11r;IEEE 802.11k;IEEE 802.11v;IEEE 802.11w;IEEE 802.1X;RFC 2865;RFC 2866;RFC 3748;RFC 5176","High","NAS-0022;NAS-0074","XL","Complete","Software implementation complete; external client roam, AP/controller firmware, packet capture, FreeRADIUS-on-Linux, HA, performance, soak, security, production deployment, and customer evidence are tracked in nas-0075-release-certification-checklist.md.","Implemented NAS-0075 roaming lifecycle report, global and per-SSID roaming profiles, neighbor AP inventory, FT key-reference inspection, redacted hostapd preview, readiness/status/support-bundle wiring, admin API handlers, and Access Settings controls.","Hostapd renders WPA2/WPA3 Personal and Enterprise FT key management, mobility domain, R0 lifetime, reassociation deadline, NAS identifier, R1 key holder, PMF, RRM neighbor/beacon reports, BSS transition, and derived r0kh/r1kh entries from secret references; RADIUS/EAP/accounting correlation attributes are declared in lifecycle evidence.","Roaming policy validates WPA2/WPA3-only use, named profiles, fail-closed 802.11r neighbor key references, mobility-domain/R1KH/NAS-token syntax, key rotation windows, PMF warnings, and no silent unsupported auth-mode fallback.","Added schema v79 wireless_roaming_lifecycle_events with operation/status, hostapd SHA, plan fingerprint, SSID/FT/11k/11v/profile/neighbor/key/diagnostic counts, redacted summary/report JSON, actor, timestamps, and indexes.","Added /api/v1/system/wireless-roaming-lifecycle, /preview, /apply, and /history with OpenAPI, RBAC, production readiness, system status, and support-bundle capture.","Added Access Settings 802.11r/k/v editor with global roaming policy, profile and neighbor AP editors, per-SSID roaming profile selection, lifecycle counts, blockers/warnings, neighbor rows, and redacted hostapd preview.","Added config validation tests, hostapd roaming render tests, lifecycle preview/apply/redaction tests, DB event ledger tests, admin API/readiness/OpenAPI/RBAC/support-bundle tests, Playwright mock/API flow, Makefile target, CI target, and frontend build coverage; external tests remain release certification.","Published 80211rkv-roaming-key-lifecycle.md and nas-0075-release-certification-checklist.md; updated admin API, operations, wireless UI guide, external AAA product mode, feature capability framework, audit, roadmap, backlog, config example, Makefile, and CI.","All software behavior for 802.11r/k/v roaming and key lifecycle passes automated tests; API/UI expose effective state and evidence; secrets and derived FT keys are redacted; no silent fallback or unsupported claim remains; external real-device proof is release certification.","Software implementation is 100% complete and ready for external validation; production release sign-off still requires the NAS-0075 release certification checklist."
"NAS-0076","Passpoint and Hotspot 2.0","Phase 8 - Enterprise Wi-Fi","Enterprise Wi-Fi","WiFi-Alliance; hotspot vendors","WiFi-Alliance; WISPr; ChilliSpot; Nomadix","IEEE 802.11u;IEEE 802.1X;RFC 2865;RFC 2866;RFC 3748;RFC 4186;RFC 4187;RFC 5448;RFC 5176","High","NAS-0025;NAS-0084","XL","Complete","Software implementation complete; external AP/client Passpoint certification, carrier roaming agreement proof, packet captures, FreeRADIUS-on-Linux, HA, scale, soak, security, production deployment, and customer evidence are tracked in nas-0076-release-certification-checklist.md.","Implemented NAS-0076 Passpoint lifecycle report, global and per-SSID Passpoint profiles, ANQP/HS2.0 metadata validation, redacted hostapd preview, readiness/status/support-bundle wiring, admin API handlers, and Access Settings controls.","Hostapd renders interworking, Hotspot 2.0, access-network type, internet/asra/esr/uesa, venue, HESSID, domain names, roaming consortium OIs, NAI realms, 3GPP cellular networks, DGAF/proxy ARP, WAN metrics, connection capabilities, and OSU provider metadata; RADIUS/EAP/accounting correlation attributes are declared in lifecycle evidence.","Passpoint policy validates supported auth modes, enabled profiles, fail-closed domain/NAI/operator requirements, profile references, OI syntax, localized text, cellular PLMNs, WAN metrics, connection capability bounds, and no silent unsupported fallback.","Added schema v80 passpoint_lifecycle_events with operation/status, hostapd SHA, plan fingerprint, SSID/passpoint/interworking/HS2.0/OSU/domain/OI/NAI/cellular/connection-capability/diagnostic counts, redacted summary/report JSON, actor, timestamps, and indexes.","Added /api/v1/system/passpoint-lifecycle, /preview, /apply, and /history with OpenAPI, RBAC, production readiness, system status, and support-bundle capture.","Added Access Settings Passpoint and Hotspot 2.0 editor with global policy, profile editor, per-SSID profile selection, lifecycle counts, blockers/warnings, active SSID/profile evidence, and redacted hostapd preview.","Added config validation tests, hostapd Passpoint render tests, lifecycle preview/apply/redaction tests, DB event ledger tests, admin API/readiness/OpenAPI/RBAC/support-bundle tests, Playwright mock/API flow, Makefile target, CI target, and frontend build coverage; external tests remain release certification.","Published passpoint-hotspot20-lifecycle.md and nas-0076-release-certification-checklist.md; updated admin API, operations, wireless UI guide, external AAA product mode, feature capability framework, audit, roadmap, backlog, config example, Makefile, and CI.","All software behavior for Passpoint and Hotspot 2.0 passes automated tests; API/UI expose effective state and evidence; generated hostapd intent is redacted where needed; no silent fallback or unsupported claim remains; external real-device proof is release certification.","Software implementation is 100% complete and ready for external validation; production release sign-off still requires the NAS-0076 release certification checklist."
"NAS-0077","DPSK and PPSK lifecycle","Phase 8 - Enterprise Wi-Fi","Enterprise Wi-Fi","Ruckus; Aruba; Cisco; UniFi; Cambium; hostapd","Ruckus; Aruba; Cisco; UniFi; Cambium; vendor dictionaries","IEEE 802.11i;IEEE 802.11-2020;RFC 2865;RFC 2866;RFC 5176","High","NAS-0027;NAS-0034","L","Complete","Software implementation complete; external Ruckus DPSK, Aruba MPSK, Cisco private PSK, UniFi PPSK, Cambium PPSK, hostapd physical radio, FreeRADIUS-on-Linux, HA, performance, soak, security, production deployment, and customer evidence are tracked in nas-0077-release-certification-checklist.md.","Implemented NAS-0077 PPSK lifecycle report, global PPSK settings, per-profile policy, groups, MAC-bound credentials, rotation staging metadata, redacted hostapd and PSK-file previews, readiness/status/support-bundle wiring, admin API handlers, and Access Settings controls.","Hostapd renders WPA2 personal SSIDs with managed wpa_psk_file references and MAC-bound PSK entries resolved from secret refs at preview/apply time; RADIUS VLAN, role, filter, session, and vendor DPSK/PPSK attributes are declared in lifecycle evidence for controller and accounting correlation.","PPSK policy validates enabled profiles, group references, MAC syntax, secret-ref syntax, active/staged/revoked state, rotation windows, fail-closed active credential coverage, WPA2 personal hostapd scope, redaction, and no silent global PPSK attachment when named profiles require explicit/default binding.","Added schema v81 ppsk_lifecycle_events with operation/status, hostapd and PPSK file SHA, plan fingerprint, SSID/profile/group/credential/active/staged/revoked/expired/controller-sync/diagnostic counts, redacted summary/report JSON, actor, timestamps, and indexes.","Added /api/v1/system/ppsk-lifecycle, /preview, /apply, and /history with OpenAPI, RBAC, production readiness, system status, and support-bundle capture.","Added Access Settings DPSK/PPSK editor with global policy, profile editor, group editor, credential editor, per-SSID PPSK profile selection, lifecycle counts, blockers/warnings, active SSID/credential evidence, and redacted hostapd/PSK previews.","Added config validation tests, hostapd PPSK render tests, lifecycle preview/apply/redaction tests, DB event ledger tests, admin API/readiness/OpenAPI/RBAC/support-bundle tests, Playwright mock/API flow, Makefile target, CI target, and frontend build coverage; external tests remain release certification.","Published dpsk-ppsk-lifecycle.md and nas-0077-release-certification-checklist.md; updated admin API, operations, wireless UI guide, external AAA product mode, feature capability framework, audit, roadmap, backlog, config example, Makefile, and CI.","All software behavior for DPSK and PPSK lifecycle passes automated tests; API/UI expose effective state and evidence; generated key material is redacted; no silent fallback or unsupported claim remains; external real-device proof is release certification.","Software implementation is 100% complete and ready for external validation; production release sign-off still requires the NAS-0077 release certification checklist."
"NAS-0078","Controller estate and object lifecycle","Phase 8 - Enterprise Wi-Fi","Enterprise Wi-Fi","All nine controller adapters","Vendor controller APIs","RFC 2865","High","NAS-0013;NAS-0057;NAS-0061..NAS-0070","XL","Partial","Adapters manage narrow WLAN slices; no full inventory, templates, delete safety, firmware, cluster, or configuration compliance.","Implement WLAN lifecycle and controller/local-radio orchestration with inventory, drift, retries, and rollback.","Implement applicable RADIUS/EAP/VLAN/roaming/hotspot attributes and CoA transitions.","Define SSID, roaming, RF, security, identity, guest, per-device key, and controller ownership policy.","Store WLAN/radio/AP topology, keys by reference, roaming state, RF/security events, drift, and history.","Add WLAN/radio/topology/key/roaming/security/preview/apply/status APIs with async jobs and audit.","Add WLAN, RF/topology, key lifecycle, roaming, security, drift, and controller workflow views.","hostapd/controller/AP, roaming, VLAN, key rotation, portal, RF, failure, scale, upgrade, and rollback tests.","Wi-Fi architecture, controller/version matrices, AP setup, roaming/hotspot, and RF/security operations.","All named behavior for Controller estate and object lifecycle passes unit, integration, negative, upgrade, rollback, HA, and applicable real-device tests; API/UI expose effective state and evidence; no silent fallback or unsupported claim remains.","Production readiness requires non-placeholder identity, secure secrets, migration and rollback proof, SLOs, capacity limits, HA behavior, signed evidence, exact vendor/product/firmware scope, and zero unresolved Critical defects."
"NAS-0079","RF, RRM, mesh, and radio planning","Phase 8 - Enterprise Wi-Fi","Enterprise Wi-Fi","Cisco; Aruba; Ruckus; Extreme; Meraki; UniFi; Cambium","Vendor APIs","IEEE 802.11","Medium","NAS-0078","XL","Missing","No channel/power planning, interference, mesh topology, capacity, client steering, or radio health automation.","Implement WLAN lifecycle and controller/local-radio orchestration with inventory, drift, retries, and rollback.","Implement applicable RADIUS/EAP/VLAN/roaming/hotspot attributes and CoA transitions.","Define SSID, roaming, RF, security, identity, guest, per-device key, and controller ownership policy.","Store WLAN/radio/AP topology, keys by reference, roaming state, RF/security events, drift, and history.","Add WLAN/radio/topology/key/roaming/security/preview/apply/status APIs with async jobs and audit.","Add WLAN, RF/topology, key lifecycle, roaming, security, drift, and controller workflow views.","hostapd/controller/AP, roaming, VLAN, key rotation, portal, RF, failure, scale, upgrade, and rollback tests.","Wi-Fi architecture, controller/version matrices, AP setup, roaming/hotspot, and RF/security operations.","All named behavior for RF, RRM, mesh, and radio planning passes unit, integration, negative, upgrade, rollback, HA, and applicable real-device tests; API/UI expose effective state and evidence; no silent fallback or unsupported claim remains.","Production readiness requires non-placeholder identity, secure secrets, migration and rollback proof, SLOs, capacity limits, HA behavior, signed evidence, exact vendor/product/firmware scope, and zero unresolved Critical defects."
"NAS-0080","Rogue/WIPS, spectrum, location, and multicast","Phase 8 - Enterprise Wi-Fi","Enterprise Wi-Fi","Enterprise WLAN vendors","Vendor APIs","IEEE 802.11","Medium","NAS-0078;NAS-0079","XL","Missing","No rogue containment governance, WIPS events, spectrum analytics, location services, multicast optimization, or privacy controls.","Implement WLAN lifecycle and controller/local-radio orchestration with inventory, drift, retries, and rollback.","Implement applicable RADIUS/EAP/VLAN/roaming/hotspot attributes and CoA transitions.","Define SSID, roaming, RF, security, identity, guest, per-device key, and controller ownership policy.","Store WLAN/radio/AP topology, keys by reference, roaming state, RF/security events, drift, and history.","Add WLAN/radio/topology/key/roaming/security/preview/apply/status APIs with async jobs and audit.","Add WLAN, RF/topology, key lifecycle, roaming, security, drift, and controller workflow views.","hostapd/controller/AP, roaming, VLAN, key rotation, portal, RF, failure, scale, upgrade, and rollback tests.","Wi-Fi architecture, controller/version matrices, AP setup, roaming/hotspot, and RF/security operations.","All named behavior for Rogue/WIPS, spectrum, location, and multicast passes unit, integration, negative, upgrade, rollback, HA, and applicable real-device tests; API/UI expose effective state and evidence; no silent fallback or unsupported claim remains.","Production readiness requires non-placeholder identity, secure secrets, migration and rollback proof, SLOs, capacity limits, HA behavior, signed evidence, exact vendor/product/firmware scope, and zero unresolved Critical defects."
"NAS-0081","Controller CWA and safe per-session portal","Phase 8 - Enterprise Wi-Fi","Enterprise Wi-Fi","Cisco; Aruba; Ruckus; Fortinet; Meraki","Corresponding dictionaries and APIs","RFC 8910","Critical","NAS-0042;NAS-0048;NAS-0084","XL","Partial","Portal DNS interception is coarse; no RFC 8910 API, HTTPS strategy, per-session walled garden, controller redirect/CoA parity.","Implement WLAN lifecycle and controller/local-radio orchestration with inventory, drift, retries, and rollback.","Implement applicable RADIUS/EAP/VLAN/roaming/hotspot attributes and CoA transitions.","Define SSID, roaming, RF, security, identity, guest, per-device key, and controller ownership policy.","Store WLAN/radio/AP topology, keys by reference, roaming state, RF/security events, drift, and history.","Add WLAN/radio/topology/key/roaming/security/preview/apply/status APIs with async jobs and audit.","Add WLAN, RF/topology, key lifecycle, roaming, security, drift, and controller workflow views.","hostapd/controller/AP, roaming, VLAN, key rotation, portal, RF, failure, scale, upgrade, and rollback tests.","Wi-Fi architecture, controller/version matrices, AP setup, roaming/hotspot, and RF/security operations.","All named behavior for Controller CWA and safe per-session portal passes unit, integration, negative, upgrade, rollback, HA, and applicable real-device tests; API/UI expose effective state and evidence; no silent fallback or unsupported claim remains.","Production readiness requires non-placeholder identity, secure secrets, migration and rollback proof, SLOs, capacity limits, HA behavior, signed evidence, exact vendor/product/firmware scope, and zero unresolved Critical defects."
"NAS-0082","PPPoE access concentrator","Phase 9 - ISP / BNG Features","ISP/BNG","Juniper ERX; Huawei; Nokia; MikroTik; Cisco; ISP vendors","ERX; Huawei; Nokia; Mikrotik; ADSL-Forum","RFC 2516","Critical","NAS-0008;NAS-0009","XL","Missing","No PPPoE discovery/session termination, authentication binding, MTU, session ownership, or HA.","Implement subscriber and access state machines, service orchestration, charging hooks, and network adapters.","Implement PPP/DHCP/RADIUS broadband attributes, routes, pools, QoS, multicast, and accounting transitions.","Define subscriber/product/service, wholesale, quota, address, QoS, intercept, and failure policy.","Add subscribers, accounts, products, services, balances, leases, routes, QoS, events, and regulatory audit.","Add subscriber/product/service/session/lease/quota/activation/billing APIs with async operations and tenancy.","Add subscriber 360, product catalog, activation, balance/quota, address/route/QoS, and support workflows.","Protocol/session, reconnect, quota, billing, dual-stack, route/QoS, failover, scale, soak, and BNG hardware tests.","BNG architecture, product/subscriber model, protocols, charging, operations, and regulatory controls.","All named behavior for PPPoE access concentrator passes unit, integration, negative, upgrade, rollback, HA, and applicable real-device tests; API/UI expose effective state and evidence; no silent fallback or unsupported claim remains.","Production readiness requires non-placeholder identity, secure secrets, migration and rollback proof, SLOs, capacity limits, HA behavior, signed evidence, exact vendor/product/firmware scope, and zero unresolved Critical defects."
"NAS-0083","Broadband subscriber state machine","Phase 9 - ISP / BNG Features","ISP/BNG","ERX; Huawei; H3C; Nokia; ZTE; Ericsson; Calix; Adtran","Broadband dictionaries","RFC 2865;RFC 2866","Critical","NAS-0032;NAS-0039;NAS-0082","XL","Missing","No subscriber lifecycle, service legs, reconnect, policy transition, accounting correlation, or recovery.","Implement subscriber and access state machines, service orchestration, charging hooks, and network adapters.","Implement PPP/DHCP/RADIUS broadband attributes, routes, pools, QoS, multicast, and accounting transitions.","Define subscriber/product/service, wholesale, quota, address, QoS, intercept, and failure policy.","Add subscribers, accounts, products, services, balances, leases, routes, QoS, events, and regulatory audit.","Add subscriber/product/service/session/lease/quota/activation/billing APIs with async operations and tenancy.","Add subscriber 360, product catalog, activation, balance/quota, address/route/QoS, and support workflows.","Protocol/session, reconnect, quota, billing, dual-stack, route/QoS, failover, scale, soak, and BNG hardware tests.","BNG architecture, product/subscriber model, protocols, charging, operations, and regulatory controls.","All named behavior for Broadband subscriber state machine passes unit, integration, negative, upgrade, rollback, HA, and applicable real-device tests; API/UI expose effective state and evidence; no silent fallback or unsupported claim remains.","Production readiness requires non-placeholder identity, secure secrets, migration and rollback proof, SLOs, capacity limits, HA behavior, signed evidence, exact vendor/product/firmware scope, and zero unresolved Critical defects."
"NAS-0084","Plans, products, service bundles, and concurrent sessions","Phase 9 - ISP / BNG Features","Subscriber Management","All ISP vendors","ISP/broadband families","RFC 2865","High","NAS-0029;NAS-0083","XL","Missing","No commercial catalog, recurring periods, family/account hierarchy, service bundle, or concurrency policy.","Implement commercial subscriber/account/product, quota, balance, and self-service workflows.","Correlate authorization/accounting attributes with product, quota, session, and service state.","Define concurrency, recurring periods, bundle eligibility, top-up, suspension, and grace rules.","Store accounts, hierarchies, products, subscriptions, balances, quota periods, transactions, and audit.","Add account/product/subscription/quota/top-up/billing/self-service APIs with tenancy and idempotency.","Add subscriber 360, plans, balances, quota, top-up, concurrent sessions, and self-service views.","Rating/quota/concurrency, period reset, payment rollback, accounting correlation, scale, and isolation tests.","Subscriber product, charging, self-service, support, and reconciliation guides.","All named behavior for Plans, products, service bundles, and concurrent sessions passes unit, integration, negative, upgrade, rollback, HA, and applicable real-device tests; API/UI expose effective state and evidence; no silent fallback or unsupported claim remains.","Production readiness requires non-placeholder identity, secure secrets, migration and rollback proof, SLOs, capacity limits, HA behavior, signed evidence, exact vendor/product/firmware scope, and zero unresolved Critical defects."
"NAS-0085","Quota, balance, top-up, prepaid, and postpaid","Phase 9 - ISP / BNG Features","Subscriber Management","All ISP/hotspot vendors","ChilliSpot; Nomadix; ISP dictionaries","RFC 2866","High","NAS-0041;NAS-0084","XL","Partial","Selected quota attributes exist; no ledger, rating, reset, top-up, balance, prepaid/postpaid, or audit.","Implement commercial subscriber/account/product, quota, balance, and self-service workflows.","Correlate authorization/accounting attributes with product, quota, session, and service state.","Define concurrency, recurring periods, bundle eligibility, top-up, suspension, and grace rules.","Store accounts, hierarchies, products, subscriptions, balances, quota periods, transactions, and audit.","Add account/product/subscription/quota/top-up/billing/self-service APIs with tenancy and idempotency.","Add subscriber 360, plans, balances, quota, top-up, concurrent sessions, and self-service views.","Rating/quota/concurrency, period reset, payment rollback, accounting correlation, scale, and isolation tests.","Subscriber product, charging, self-service, support, and reconciliation guides.","All named behavior for Quota, balance, top-up, prepaid, and postpaid passes unit, integration, negative, upgrade, rollback, HA, and applicable real-device tests; API/UI expose effective state and evidence; no silent fallback or unsupported claim remains.","Production readiness requires non-placeholder identity, secure secrets, migration and rollback proof, SLOs, capacity limits, HA behavior, signed evidence, exact vendor/product/firmware scope, and zero unresolved Critical defects."
"NAS-0086","Subscriber address pools and lease lifecycle","Phase 9 - ISP / BNG Features","ISP/BNG","ERX; Huawei; Nokia; Cisco; MikroTik","IP addressing/routing families","RFC 2865;RFC 3162","Critical","NAS-0055;NAS-0083","XL","Missing","No sticky/dynamic pools, conflict detection, dual-stack lease ownership, reservation, CoA, or accounting correlation.","Implement subscriber and access state machines, service orchestration, charging hooks, and network adapters.","Implement PPP/DHCP/RADIUS broadband attributes, routes, pools, QoS, multicast, and accounting transitions.","Define subscriber/product/service, wholesale, quota, address, QoS, intercept, and failure policy.","Add subscribers, accounts, products, services, balances, leases, routes, QoS, events, and regulatory audit.","Add subscriber/product/service/session/lease/quota/activation/billing APIs with async operations and tenancy.","Add subscriber 360, product catalog, activation, balance/quota, address/route/QoS, and support workflows.","Protocol/session, reconnect, quota, billing, dual-stack, route/QoS, failover, scale, soak, and BNG hardware tests.","BNG architecture, product/subscriber model, protocols, charging, operations, and regulatory controls.","All named behavior for Subscriber address pools and lease lifecycle passes unit, integration, negative, upgrade, rollback, HA, and applicable real-device tests; API/UI expose effective state and evidence; no silent fallback or unsupported claim remains.","Production readiness requires non-placeholder identity, secure secrets, migration and rollback proof, SLOs, capacity limits, HA behavior, signed evidence, exact vendor/product/firmware scope, and zero unresolved Critical defects."
"NAS-0087","BNG hierarchical QoS and service flows","Phase 9 - ISP / BNG Features","ISP/BNG","ERX; Huawei; Nokia; Starent; WiMAX","Bandwidth/QoS families","RFC 2865","Critical","NAS-0049;NAS-0083","XL","Missing","No per-subscriber/service hierarchy, policer/shaper/scheduler, aggregate control, or vendor compiler proof.","Implement subscriber and access state machines, service orchestration, charging hooks, and network adapters.","Implement PPP/DHCP/RADIUS broadband attributes, routes, pools, QoS, multicast, and accounting transitions.","Define subscriber/product/service, wholesale, quota, address, QoS, intercept, and failure policy.","Add subscribers, accounts, products, services, balances, leases, routes, QoS, events, and regulatory audit.","Add subscriber/product/service/session/lease/quota/activation/billing APIs with async operations and tenancy.","Add subscriber 360, product catalog, activation, balance/quota, address/route/QoS, and support workflows.","Protocol/session, reconnect, quota, billing, dual-stack, route/QoS, failover, scale, soak, and BNG hardware tests.","BNG architecture, product/subscriber model, protocols, charging, operations, and regulatory controls.","All named behavior for BNG hierarchical QoS and service flows passes unit, integration, negative, upgrade, rollback, HA, and applicable real-device tests; API/UI expose effective state and evidence; no silent fallback or unsupported claim remains.","Production readiness requires non-placeholder identity, secure secrets, migration and rollback proof, SLOs, capacity limits, HA behavior, signed evidence, exact vendor/product/firmware scope, and zero unresolved Critical defects."
"NAS-0088","L2TP and wholesale realm separation","Phase 9 - ISP / BNG Features","ISP/BNG","Cisco; Juniper; Nokia; wholesale ISP vendors","Cisco; ERX; Nokia; ADSL-Forum","RFC 2661","High","NAS-0010;NAS-0082","XL","Missing","No LAC/LNS state, tunnel selection, wholesale realms, accounting delegation, or failover.","Implement subscriber and access state machines, service orchestration, charging hooks, and network adapters.","Implement PPP/DHCP/RADIUS broadband attributes, routes, pools, QoS, multicast, and accounting transitions.","Define subscriber/product/service, wholesale, quota, address, QoS, intercept, and failure policy.","Add subscribers, accounts, products, services, balances, leases, routes, QoS, events, and regulatory audit.","Add subscriber/product/service/session/lease/quota/activation/billing APIs with async operations and tenancy.","Add subscriber 360, product catalog, activation, balance/quota, address/route/QoS, and support workflows.","Protocol/session, reconnect, quota, billing, dual-stack, route/QoS, failover, scale, soak, and BNG hardware tests.","BNG architecture, product/subscriber model, protocols, charging, operations, and regulatory controls.","All named behavior for L2TP and wholesale realm separation passes unit, integration, negative, upgrade, rollback, HA, and applicable real-device tests; API/UI expose effective state and evidence; no silent fallback or unsupported claim remains.","Production readiness requires non-placeholder identity, secure secrets, migration and rollback proof, SLOs, capacity limits, HA behavior, signed evidence, exact vendor/product/firmware scope, and zero unresolved Critical defects."
"NAS-0089","DHCP relay, snooping, Option 82, and IP source guard","Phase 9 - ISP / BNG Features","ISP/BNG","DHCP; access-node vendors","DHCP; FreeDHCP; Alcatel-ESAM; Calix; Adtran","RFC 3046","High","NAS-0055;NAS-0083","L","Missing","No relay/snoop bindings, trusted ports, Option 82 policy, source guard, or RADIUS correlation.","Implement subscriber and access state machines, service orchestration, charging hooks, and network adapters.","Implement PPP/DHCP/RADIUS broadband attributes, routes, pools, QoS, multicast, and accounting transitions.","Define subscriber/product/service, wholesale, quota, address, QoS, intercept, and failure policy.","Add subscribers, accounts, products, services, balances, leases, routes, QoS, events, and regulatory audit.","Add subscriber/product/service/session/lease/quota/activation/billing APIs with async operations and tenancy.","Add subscriber 360, product catalog, activation, balance/quota, address/route/QoS, and support workflows.","Protocol/session, reconnect, quota, billing, dual-stack, route/QoS, failover, scale, soak, and BNG hardware tests.","BNG architecture, product/subscriber model, protocols, charging, operations, and regulatory controls.","All named behavior for DHCP relay, snooping, Option 82, and IP source guard passes unit, integration, negative, upgrade, rollback, HA, and applicable real-device tests; API/UI expose effective state and evidence; no silent fallback or unsupported claim remains.","Production readiness requires non-placeholder identity, secure secrets, migration and rollback proof, SLOs, capacity limits, HA behavior, signed evidence, exact vendor/product/firmware scope, and zero unresolved Critical defects."
"NAS-0090","Service activation, BNG route lifecycle, and multicast","Phase 9 - ISP / BNG Features","ISP/BNG","ERX; Huawei; H3C; Nokia; ZTE","Broadband dictionaries","RFC 4271","High","NAS-0054;NAS-0058;NAS-0083","XL","Missing","No transactional service activation, multicast entitlement, route publish/withdraw, or rollback.","Implement subscriber and access state machines, service orchestration, charging hooks, and network adapters.","Implement PPP/DHCP/RADIUS broadband attributes, routes, pools, QoS, multicast, and accounting transitions.","Define subscriber/product/service, wholesale, quota, address, QoS, intercept, and failure policy.","Add subscribers, accounts, products, services, balances, leases, routes, QoS, events, and regulatory audit.","Add subscriber/product/service/session/lease/quota/activation/billing APIs with async operations and tenancy.","Add subscriber 360, product catalog, activation, balance/quota, address/route/QoS, and support workflows.","Protocol/session, reconnect, quota, billing, dual-stack, route/QoS, failover, scale, soak, and BNG hardware tests.","BNG architecture, product/subscriber model, protocols, charging, operations, and regulatory controls.","All named behavior for Service activation, BNG route lifecycle, and multicast passes unit, integration, negative, upgrade, rollback, HA, and applicable real-device tests; API/UI expose effective state and evidence; no silent fallback or unsupported claim remains.","Production readiness requires non-placeholder identity, secure secrets, migration and rollback proof, SLOs, capacity limits, HA behavior, signed evidence, exact vendor/product/firmware scope, and zero unresolved Critical defects."
"NAS-0091","Lawful-intercept governance and subscriber self-service","Phase 9 - ISP / BNG Features","ISP/BNG","Cisco; Juniper; Huawei; Nokia; Ericsson","Broadband/mobile dictionaries","No direct RFC; internal architecture and applicable product/security standards","High","NAS-0034;NAS-0041;NAS-0083","XL","Missing","No legally governed intercept adapter, immutable approvals/audit, subscriber portal, billing, plan changes, or privacy controls.","Implement subscriber and access state machines, service orchestration, charging hooks, and network adapters.","Implement PPP/DHCP/RADIUS broadband attributes, routes, pools, QoS, multicast, and accounting transitions.","Define subscriber/product/service, wholesale, quota, address, QoS, intercept, and failure policy.","Add subscribers, accounts, products, services, balances, leases, routes, QoS, events, and regulatory audit.","Add subscriber/product/service/session/lease/quota/activation/billing APIs with async operations and tenancy.","Add subscriber 360, product catalog, activation, balance/quota, address/route/QoS, and support workflows.","Protocol/session, reconnect, quota, billing, dual-stack, route/QoS, failover, scale, soak, and BNG hardware tests.","BNG architecture, product/subscriber model, protocols, charging, operations, and regulatory controls.","All named behavior for Lawful-intercept governance and subscriber self-service passes unit, integration, negative, upgrade, rollback, HA, and applicable real-device tests; API/UI expose effective state and evidence; no silent fallback or unsupported claim remains.","Production readiness requires non-placeholder identity, secure secrets, migration and rollback proof, SLOs, capacity limits, HA behavior, signed evidence, exact vendor/product/firmware scope, and zero unresolved Critical defects."
"NAS-0092","Grouped telecom attribute and AVP framework","Phase 10 - Mobile / Telecom Features","Mobile/Telecom","3GPP; 3GPP2; Starent; Ericsson; WiMAX","3GPP; 3GPP2; Starent; Ericsson; WiMAX","RFC 2865","Critical","NAS-0005;NAS-0008","XL","Missing","No nested/grouped telecom value model, schema evolution, high-cardinality indexing, or safe raw evidence.","Implement telecom session/charging/policy adapters and high-scale mediation services.","Implement grouped/mobile attributes, bearer/APN/QoS/charging/roaming/call records and malformed handling.","Define mobile identity, roaming, QoS, policy control, quota, charging, privacy, and lawful access.","Add telecom sessions/bearers/APNs/charging/CDRs/roaming/service flows with partitioning and retention.","Add session, charging, policy, reconciliation, mediation, and operational APIs with async jobs.","Add mobile session, bearer, charging, roaming, service-flow, reconciliation, and operations views.","Telecom vectors/simulators, charging loss/reorder, roaming, scale, failover, soak, and vendor lab tests.","Telecom architecture, standards profiles, mediation/charging, scale, and operational runbooks.","All named behavior for Grouped telecom attribute and AVP framework passes unit, integration, negative, upgrade, rollback, HA, and applicable real-device tests; API/UI expose effective state and evidence; no silent fallback or unsupported claim remains.","Production readiness requires non-placeholder identity, secure secrets, migration and rollback proof, SLOs, capacity limits, HA behavior, signed evidence, exact vendor/product/firmware scope, and zero unresolved Critical defects."
"NAS-0093","Mobile session, APN/PDP/bearer state","Phase 10 - Mobile / Telecom Features","Mobile/Telecom","3GPP; Starent; Ericsson; Ericsson-Packet-Core-Networks","3GPP; Starent; Ericsson","3GPP TS 23.401","Critical","NAS-0092;NAS-0039","XL","Missing","No APN, PDP/bearer, tunnel, roaming, address, handover, or policy state machine.","Implement telecom session/charging/policy adapters and high-scale mediation services.","Implement grouped/mobile attributes, bearer/APN/QoS/charging/roaming/call records and malformed handling.","Define mobile identity, roaming, QoS, policy control, quota, charging, privacy, and lawful access.","Add telecom sessions/bearers/APNs/charging/CDRs/roaming/service flows with partitioning and retention.","Add session, charging, policy, reconciliation, mediation, and operational APIs with async jobs.","Add mobile session, bearer, charging, roaming, service-flow, reconciliation, and operations views.","Telecom vectors/simulators, charging loss/reorder, roaming, scale, failover, soak, and vendor lab tests.","Telecom architecture, standards profiles, mediation/charging, scale, and operational runbooks.","All named behavior for Mobile session, APN/PDP/bearer state passes unit, integration, negative, upgrade, rollback, HA, and applicable real-device tests; API/UI expose effective state and evidence; no silent fallback or unsupported claim remains.","Production readiness requires non-placeholder identity, secure secrets, migration and rollback proof, SLOs, capacity limits, HA behavior, signed evidence, exact vendor/product/firmware scope, and zero unresolved Critical defects."
"NAS-0094","Online/offline charging correlation","Phase 10 - Mobile / Telecom Features","Mobile/Telecom","3GPP; 3GPP2; Starent; Ericsson","3GPP; 3GPP2; Starent; Ericsson","3GPP TS 32.240","Critical","NAS-0041;NAS-0093","XL","Missing","No charging session, rating group, quota grant/consume, CDR correlation, mediation, or reconciliation.","Implement telecom session/charging/policy adapters and high-scale mediation services.","Implement grouped/mobile attributes, bearer/APN/QoS/charging/roaming/call records and malformed handling.","Define mobile identity, roaming, QoS, policy control, quota, charging, privacy, and lawful access.","Add telecom sessions/bearers/APNs/charging/CDRs/roaming/service flows with partitioning and retention.","Add session, charging, policy, reconciliation, mediation, and operational APIs with async jobs.","Add mobile session, bearer, charging, roaming, service-flow, reconciliation, and operations views.","Telecom vectors/simulators, charging loss/reorder, roaming, scale, failover, soak, and vendor lab tests.","Telecom architecture, standards profiles, mediation/charging, scale, and operational runbooks.","All named behavior for Online/offline charging correlation passes unit, integration, negative, upgrade, rollback, HA, and applicable real-device tests; API/UI expose effective state and evidence; no silent fallback or unsupported claim remains.","Production readiness requires non-placeholder identity, secure secrets, migration and rollback proof, SLOs, capacity limits, HA behavior, signed evidence, exact vendor/product/firmware scope, and zero unresolved Critical defects."
"NAS-0095","PCRF/PCF-style policy, QoS, and roaming","Phase 10 - Mobile / Telecom Features","Mobile/Telecom","3GPP; Starent; Ericsson; WiMAX","Mobile/core/charging families","3GPP TS 23.203","High","NAS-0029;NAS-0049;NAS-0093","XL","Missing","No policy control adapter, QoS class, roaming partner, visited/home policy, or enforcement feedback.","Implement telecom session/charging/policy adapters and high-scale mediation services.","Implement grouped/mobile attributes, bearer/APN/QoS/charging/roaming/call records and malformed handling.","Define mobile identity, roaming, QoS, policy control, quota, charging, privacy, and lawful access.","Add telecom sessions/bearers/APNs/charging/CDRs/roaming/service flows with partitioning and retention.","Add session, charging, policy, reconciliation, mediation, and operational APIs with async jobs.","Add mobile session, bearer, charging, roaming, service-flow, reconciliation, and operations views.","Telecom vectors/simulators, charging loss/reorder, roaming, scale, failover, soak, and vendor lab tests.","Telecom architecture, standards profiles, mediation/charging, scale, and operational runbooks.","All named behavior for PCRF/PCF-style policy, QoS, and roaming passes unit, integration, negative, upgrade, rollback, HA, and applicable real-device tests; API/UI expose effective state and evidence; no silent fallback or unsupported claim remains.","Production readiness requires non-placeholder identity, secure secrets, migration and rollback proof, SLOs, capacity limits, HA behavior, signed evidence, exact vendor/product/firmware scope, and zero unresolved Critical defects."
"NAS-0096","WiMAX subscriber and service-flow support","Phase 10 - Mobile / Telecom Features","Mobile/Telecom","WiMAX; Alvarion; Wichorus; Navini","WiMAX; Alvarion; Wichorus; Navini","IEEE 802.16","Medium","NAS-0092;NAS-0094","XL","Missing","No WiMAX service-flow codec, authentication, QoS, mobility, accounting, or hardware lab.","Implement telecom session/charging/policy adapters and high-scale mediation services.","Implement grouped/mobile attributes, bearer/APN/QoS/charging/roaming/call records and malformed handling.","Define mobile identity, roaming, QoS, policy control, quota, charging, privacy, and lawful access.","Add telecom sessions/bearers/APNs/charging/CDRs/roaming/service flows with partitioning and retention.","Add session, charging, policy, reconciliation, mediation, and operational APIs with async jobs.","Add mobile session, bearer, charging, roaming, service-flow, reconciliation, and operations views.","Telecom vectors/simulators, charging loss/reorder, roaming, scale, failover, soak, and vendor lab tests.","Telecom architecture, standards profiles, mediation/charging, scale, and operational runbooks.","All named behavior for WiMAX subscriber and service-flow support passes unit, integration, negative, upgrade, rollback, HA, and applicable real-device tests; API/UI expose effective state and evidence; no silent fallback or unsupported claim remains.","Production readiness requires non-placeholder identity, secure secrets, migration and rollback proof, SLOs, capacity limits, HA behavior, signed evidence, exact vendor/product/firmware scope, and zero unresolved Critical defects."
"NAS-0097","Cable and DOCSIS policy/charging","Phase 10 - Mobile / Telecom Features","Mobile/Telecom","CableLabs; cable vendors","CableLabs","DOCSIS","Medium","NAS-0092;NAS-0041","XL","Missing","No cable modem provisioning, service flow, IPDR/accounting, policy, or CMTS integration.","Implement telecom session/charging/policy adapters and high-scale mediation services.","Implement grouped/mobile attributes, bearer/APN/QoS/charging/roaming/call records and malformed handling.","Define mobile identity, roaming, QoS, policy control, quota, charging, privacy, and lawful access.","Add telecom sessions/bearers/APNs/charging/CDRs/roaming/service flows with partitioning and retention.","Add session, charging, policy, reconciliation, mediation, and operational APIs with async jobs.","Add mobile session, bearer, charging, roaming, service-flow, reconciliation, and operations views.","Telecom vectors/simulators, charging loss/reorder, roaming, scale, failover, soak, and vendor lab tests.","Telecom architecture, standards profiles, mediation/charging, scale, and operational runbooks.","All named behavior for Cable and DOCSIS policy/charging passes unit, integration, negative, upgrade, rollback, HA, and applicable real-device tests; API/UI expose effective state and evidence; no silent fallback or unsupported claim remains.","Production readiness requires non-placeholder identity, secure secrets, migration and rollback proof, SLOs, capacity limits, HA behavior, signed evidence, exact vendor/product/firmware scope, and zero unresolved Critical defects."
"NAS-0098","Voice, telephony, VPN, and call-detail workflows","Phase 10 - Mobile / Telecom Features","Mobile/Telecom","BroadSoft; AudioCodes; Digium; Epygi; Patton; Lucent; Acme; Cisco VPN/ASA; Altiga","Voice/telephony and VPN dictionaries","RFC 2866;RFC 8907","High","NAS-0039;NAS-0041","XL","Missing","No call-leg correlation, codec/QoS/CDR, SIP/voice policy, VPN posture/routes, or device-admin parity.","Implement telecom session/charging/policy adapters and high-scale mediation services.","Implement grouped/mobile attributes, bearer/APN/QoS/charging/roaming/call records and malformed handling.","Define mobile identity, roaming, QoS, policy control, quota, charging, privacy, and lawful access.","Add telecom sessions/bearers/APNs/charging/CDRs/roaming/service flows with partitioning and retention.","Add session, charging, policy, reconciliation, mediation, and operational APIs with async jobs.","Add mobile session, bearer, charging, roaming, service-flow, reconciliation, and operations views.","Telecom vectors/simulators, charging loss/reorder, roaming, scale, failover, soak, and vendor lab tests.","Telecom architecture, standards profiles, mediation/charging, scale, and operational runbooks.","All named behavior for Voice, telephony, VPN, and call-detail workflows passes unit, integration, negative, upgrade, rollback, HA, and applicable real-device tests; API/UI expose effective state and evidence; no silent fallback or unsupported claim remains.","Production readiness requires non-placeholder identity, secure secrets, migration and rollback proof, SLOs, capacity limits, HA behavior, signed evidence, exact vendor/product/firmware scope, and zero unresolved Critical defects."
"NAS-0099","Replicated production database and consensus","Phase 11 - High Availability","HA","All","N/A","No direct RFC; internal architecture and applicable product/security standards","Critical","NAS-0008","XL","Missing","Package replication is not a consensus database and cannot support synchronous multi-writer state.","Implement consensus, replicated services, ownership leases, fencing, rolling compatibility, and DR orchestration.","Preserve packet affinity, deduplication, retry continuity, and transport ownership through failover.","Define quorum, fencing, conflict, preemption, RPO/RTO, degraded mode, and recovery policy.","Replicate state synchronously where required; version schemas and persist leases, terms, offsets, and DR evidence.","Add cluster/member/quorum/owner/failover/upgrade/DR/status APIs with confirmation and audit.","Add topology, quorum, lag, owners, partitions, failover, rolling upgrade, recovery, and drill evidence.","Node/process/network/storage partitions, split brain, failover, rolling schema, geo DR, load, and soak.","Cluster architecture, quorum/fencing, rolling upgrade, partition matrix, DR, and recovery runbooks.","All named behavior for Replicated production database and consensus passes unit, integration, negative, upgrade, rollback, HA, and applicable real-device tests; API/UI expose effective state and evidence; no silent fallback or unsupported claim remains.","Production readiness requires non-placeholder identity, secure secrets, migration and rollback proof, SLOs, capacity limits, HA behavior, signed evidence, exact vendor/product/firmware scope, and zero unresolved Critical defects."
"NAS-0100","Synchronous session and accounting replication","Phase 11 - High Availability","HA","All","All accounting dictionaries","RFC 2866","Critical","NAS-0036;NAS-0040;NAS-0099","XL","Missing","No synchronous active-session, accounting, quota, lease, and replay-offset replication.","Implement consensus, replicated services, ownership leases, fencing, rolling compatibility, and DR orchestration.","Preserve packet affinity, deduplication, retry continuity, and transport ownership through failover.","Define quorum, fencing, conflict, preemption, RPO/RTO, degraded mode, and recovery policy.","Replicate state synchronously where required; version schemas and persist leases, terms, offsets, and DR evidence.","Add cluster/member/quorum/owner/failover/upgrade/DR/status APIs with confirmation and audit.","Add topology, quorum, lag, owners, partitions, failover, rolling upgrade, recovery, and drill evidence.","Node/process/network/storage partitions, split brain, failover, rolling schema, geo DR, load, and soak.","Cluster architecture, quorum/fencing, rolling upgrade, partition matrix, DR, and recovery runbooks.","All named behavior for Synchronous session and accounting replication passes unit, integration, negative, upgrade, rollback, HA, and applicable real-device tests; API/UI expose effective state and evidence; no silent fallback or unsupported claim remains.","Production readiness requires non-placeholder identity, secure secrets, migration and rollback proof, SLOs, capacity limits, HA behavior, signed evidence, exact vendor/product/firmware scope, and zero unresolved Critical defects."
"NAS-0101","Distributed CoA and enforcement ownership","Phase 11 - High Availability","HA","All","All dynamic authorization dictionaries","RFC 5176","Critical","NAS-0046;NAS-0057;NAS-0100","XL","Missing","No cluster owner election and fencing for DAC, routes, VLANs, firewall, shaping, or controller operations.","Implement consensus, replicated services, ownership leases, fencing, rolling compatibility, and DR orchestration.","Preserve packet affinity, deduplication, retry continuity, and transport ownership through failover.","Define quorum, fencing, conflict, preemption, RPO/RTO, degraded mode, and recovery policy.","Replicate state synchronously where required; version schemas and persist leases, terms, offsets, and DR evidence.","Add cluster/member/quorum/owner/failover/upgrade/DR/status APIs with confirmation and audit.","Add topology, quorum, lag, owners, partitions, failover, rolling upgrade, recovery, and drill evidence.","Node/process/network/storage partitions, split brain, failover, rolling schema, geo DR, load, and soak.","Cluster architecture, quorum/fencing, rolling upgrade, partition matrix, DR, and recovery runbooks.","All named behavior for Distributed CoA and enforcement ownership passes unit, integration, negative, upgrade, rollback, HA, and applicable real-device tests; API/UI expose effective state and evidence; no silent fallback or unsupported claim remains.","Production readiness requires non-placeholder identity, secure secrets, migration and rollback proof, SLOs, capacity limits, HA behavior, signed evidence, exact vendor/product/firmware scope, and zero unresolved Critical defects."
"NAS-0102","Multi-node cluster membership and quorum","Phase 11 - High Availability","HA","All","N/A","No direct RFC; internal architecture and applicable product/security standards","High","NAS-0099","XL","Missing","Only active/standby is modeled; no multi-node membership, quorum, leader election, or topology.","Implement consensus, replicated services, ownership leases, fencing, rolling compatibility, and DR orchestration.","Preserve packet affinity, deduplication, retry continuity, and transport ownership through failover.","Define quorum, fencing, conflict, preemption, RPO/RTO, degraded mode, and recovery policy.","Replicate state synchronously where required; version schemas and persist leases, terms, offsets, and DR evidence.","Add cluster/member/quorum/owner/failover/upgrade/DR/status APIs with confirmation and audit.","Add topology, quorum, lag, owners, partitions, failover, rolling upgrade, recovery, and drill evidence.","Node/process/network/storage partitions, split brain, failover, rolling schema, geo DR, load, and soak.","Cluster architecture, quorum/fencing, rolling upgrade, partition matrix, DR, and recovery runbooks.","All named behavior for Multi-node cluster membership and quorum passes unit, integration, negative, upgrade, rollback, HA, and applicable real-device tests; API/UI expose effective state and evidence; no silent fallback or unsupported claim remains.","Production readiness requires non-placeholder identity, secure secrets, migration and rollback proof, SLOs, capacity limits, HA behavior, signed evidence, exact vendor/product/firmware scope, and zero unresolved Critical defects."
"NAS-0103","Automatic conflict resolution and idempotent failover","Phase 11 - High Availability","HA","All","N/A","No direct RFC; internal architecture and applicable product/security standards","High","NAS-0100;NAS-0101;NAS-0102","XL","Missing","No conflict strategy for writes, duplicate packets, leases, policy versions, and external side effects.","Implement consensus, replicated services, ownership leases, fencing, rolling compatibility, and DR orchestration.","Preserve packet affinity, deduplication, retry continuity, and transport ownership through failover.","Define quorum, fencing, conflict, preemption, RPO/RTO, degraded mode, and recovery policy.","Replicate state synchronously where required; version schemas and persist leases, terms, offsets, and DR evidence.","Add cluster/member/quorum/owner/failover/upgrade/DR/status APIs with confirmation and audit.","Add topology, quorum, lag, owners, partitions, failover, rolling upgrade, recovery, and drill evidence.","Node/process/network/storage partitions, split brain, failover, rolling schema, geo DR, load, and soak.","Cluster architecture, quorum/fencing, rolling upgrade, partition matrix, DR, and recovery runbooks.","All named behavior for Automatic conflict resolution and idempotent failover passes unit, integration, negative, upgrade, rollback, HA, and applicable real-device tests; API/UI expose effective state and evidence; no silent fallback or unsupported claim remains.","Production readiness requires non-placeholder identity, secure secrets, migration and rollback proof, SLOs, capacity limits, HA behavior, signed evidence, exact vendor/product/firmware scope, and zero unresolved Critical defects."
"NAS-0104","Rolling schema and mixed-version quorum","Phase 11 - High Availability","HA","All","N/A","No direct RFC; internal architecture and applicable product/security standards","Critical","NAS-0008;NAS-0099;NAS-0102","XL","Missing","No expand/contract schema protocol, compatibility window, quorum gate, or rolling upgrade proof.","Implement consensus, replicated services, ownership leases, fencing, rolling compatibility, and DR orchestration.","Preserve packet affinity, deduplication, retry continuity, and transport ownership through failover.","Define quorum, fencing, conflict, preemption, RPO/RTO, degraded mode, and recovery policy.","Replicate state synchronously where required; version schemas and persist leases, terms, offsets, and DR evidence.","Add cluster/member/quorum/owner/failover/upgrade/DR/status APIs with confirmation and audit.","Add topology, quorum, lag, owners, partitions, failover, rolling upgrade, recovery, and drill evidence.","Node/process/network/storage partitions, split brain, failover, rolling schema, geo DR, load, and soak.","Cluster architecture, quorum/fencing, rolling upgrade, partition matrix, DR, and recovery runbooks.","All named behavior for Rolling schema and mixed-version quorum passes unit, integration, negative, upgrade, rollback, HA, and applicable real-device tests; API/UI expose effective state and evidence; no silent fallback or unsupported claim remains.","Production readiness requires non-placeholder identity, secure secrets, migration and rollback proof, SLOs, capacity limits, HA behavior, signed evidence, exact vendor/product/firmware scope, and zero unresolved Critical defects."
"NAS-0105","Network partition, fencing, geo-DR, and recovery orchestration","Phase 11 - High Availability","HA","All","N/A","No direct RFC; internal architecture and applicable product/security standards","Critical","NAS-0102;NAS-0103;NAS-0104","XL","Partial","Witness/VIP drills exist; no certified partition matrix, geo recovery, RPO/RTO automation, or disaster runbook proof.","Implement consensus, replicated services, ownership leases, fencing, rolling compatibility, and DR orchestration.","Preserve packet affinity, deduplication, retry continuity, and transport ownership through failover.","Define quorum, fencing, conflict, preemption, RPO/RTO, degraded mode, and recovery policy.","Replicate state synchronously where required; version schemas and persist leases, terms, offsets, and DR evidence.","Add cluster/member/quorum/owner/failover/upgrade/DR/status APIs with confirmation and audit.","Add topology, quorum, lag, owners, partitions, failover, rolling upgrade, recovery, and drill evidence.","Node/process/network/storage partitions, split brain, failover, rolling schema, geo DR, load, and soak.","Cluster architecture, quorum/fencing, rolling upgrade, partition matrix, DR, and recovery runbooks.","All named behavior for Network partition, fencing, geo-DR, and recovery orchestration passes unit, integration, negative, upgrade, rollback, HA, and applicable real-device tests; API/UI expose effective state and evidence; no silent fallback or unsupported claim remains.","Production readiness requires non-placeholder identity, secure secrets, migration and rollback proof, SLOs, capacity limits, HA behavior, signed evidence, exact vendor/product/firmware scope, and zero unresolved Critical defects."
"NAS-0106","OpenTelemetry distributed tracing","Phase 12 - Monitoring and Reporting","Observability","All","All protocols","W3C Trace Context","High","NAS-0002;NAS-0008","L","Missing","No cross-service trace from packet through policy, DB, enforcement, proxy, controller, and CoA.","Instrument services and build bounded collection, aggregation, SLO, topology, and analytics pipelines.","Emit bounded protocol/vendor/attribute/direction/outcome telemetry without secrets or unsafe cardinality.","Define SLOs, sampling, label budgets, retention, privacy, alert routing, and release error budgets.","Store traces/metrics/events/rollups/topology/capacity with partitions, retention, and warehouse export.","Add query, SLO, trace, topology, capacity, report, and export APIs with pagination and tenancy.","Add SLO, trace, vendor, topology, capacity, charging, trend, and certified dashboard views.","Telemetry correctness, cardinality, redaction, loss, load, retention, alert, SLO, and upgrade tests.","Telemetry schema, SLO catalog, dashboards, capacity model, privacy, and troubleshooting.","All named behavior for OpenTelemetry distributed tracing passes unit, integration, negative, upgrade, rollback, HA, and applicable real-device tests; API/UI expose effective state and evidence; no silent fallback or unsupported claim remains.","Production readiness requires non-placeholder identity, secure secrets, migration and rollback proof, SLOs, capacity limits, HA behavior, signed evidence, exact vendor/product/firmware scope, and zero unresolved Critical defects."
"NAS-0107","SLO, SLI, error-budget, and alert policy","Phase 12 - Monitoring and Reporting","Observability","All","N/A","No direct RFC; internal architecture and applicable product/security standards","High","NAS-0106","L","Missing","No formal availability/latency/loss SLOs, burn alerts, maintenance suppression, or release gates.","Instrument services and build bounded collection, aggregation, SLO, topology, and analytics pipelines.","Emit bounded protocol/vendor/attribute/direction/outcome telemetry without secrets or unsafe cardinality.","Define SLOs, sampling, label budgets, retention, privacy, alert routing, and release error budgets.","Store traces/metrics/events/rollups/topology/capacity with partitions, retention, and warehouse export.","Add query, SLO, trace, topology, capacity, report, and export APIs with pagination and tenancy.","Add SLO, trace, vendor, topology, capacity, charging, trend, and certified dashboard views.","Telemetry correctness, cardinality, redaction, loss, load, retention, alert, SLO, and upgrade tests.","Telemetry schema, SLO catalog, dashboards, capacity model, privacy, and troubleshooting.","All named behavior for SLO, SLI, error-budget, and alert policy passes unit, integration, negative, upgrade, rollback, HA, and applicable real-device tests; API/UI expose effective state and evidence; no silent fallback or unsupported claim remains.","Production readiness requires non-placeholder identity, secure secrets, migration and rollback proof, SLOs, capacity limits, HA behavior, signed evidence, exact vendor/product/firmware scope, and zero unresolved Critical defects."
"NAS-0108","Per-attribute metrics with cardinality control","Phase 12 - Monitoring and Reporting","Observability","All 196 namespaces","All dictionaries","RFC 2865","High","NAS-0002;NAS-0004","L","Partial","Counters exist but lack complete attribute/direction/reject reasons, bounded labels, sampling, and retention.","Instrument services and build bounded collection, aggregation, SLO, topology, and analytics pipelines.","Emit bounded protocol/vendor/attribute/direction/outcome telemetry without secrets or unsafe cardinality.","Define SLOs, sampling, label budgets, retention, privacy, alert routing, and release error budgets.","Store traces/metrics/events/rollups/topology/capacity with partitions, retention, and warehouse export.","Add query, SLO, trace, topology, capacity, report, and export APIs with pagination and tenancy.","Add SLO, trace, vendor, topology, capacity, charging, trend, and certified dashboard views.","Telemetry correctness, cardinality, redaction, loss, load, retention, alert, SLO, and upgrade tests.","Telemetry schema, SLO catalog, dashboards, capacity model, privacy, and troubleshooting.","All named behavior for Per-attribute metrics with cardinality control passes unit, integration, negative, upgrade, rollback, HA, and applicable real-device tests; API/UI expose effective state and evidence; no silent fallback or unsupported claim remains.","Production readiness requires non-placeholder identity, secure secrets, migration and rollback proof, SLOs, capacity limits, HA behavior, signed evidence, exact vendor/product/firmware scope, and zero unresolved Critical defects."
"NAS-0109","Long-term analytics and event warehouse","Phase 12 - Monitoring and Reporting","Observability","All","All accounting dictionaries","RFC 2866","High","NAS-0008;NAS-0035;NAS-0106","XL","Missing","On-box histories are short; no warehouse, partitions, rollups, immutable events, or query governance.","Instrument services and build bounded collection, aggregation, SLO, topology, and analytics pipelines.","Emit bounded protocol/vendor/attribute/direction/outcome telemetry without secrets or unsafe cardinality.","Define SLOs, sampling, label budgets, retention, privacy, alert routing, and release error budgets.","Store traces/metrics/events/rollups/topology/capacity with partitions, retention, and warehouse export.","Add query, SLO, trace, topology, capacity, report, and export APIs with pagination and tenancy.","Add SLO, trace, vendor, topology, capacity, charging, trend, and certified dashboard views.","Telemetry correctness, cardinality, redaction, loss, load, retention, alert, SLO, and upgrade tests.","Telemetry schema, SLO catalog, dashboards, capacity model, privacy, and troubleshooting.","All named behavior for Long-term analytics and event warehouse passes unit, integration, negative, upgrade, rollback, HA, and applicable real-device tests; API/UI expose effective state and evidence; no silent fallback or unsupported claim remains.","Production readiness requires non-placeholder identity, secure secrets, migration and rollback proof, SLOs, capacity limits, HA behavior, signed evidence, exact vendor/product/firmware scope, and zero unresolved Critical defects."
"NAS-0110","Topology, dependency, and capacity forecasting","Phase 12 - Monitoring and Reporting","Observability","All NAS/controllers","All NAS dictionaries","No direct RFC; internal architecture and applicable product/security standards","Medium","NAS-0013;NAS-0078;NAS-0106;NAS-0109","L","Missing","No live topology, dependency graph, saturation trends, AP/NAS capacity model, or forecast.","Instrument services and build bounded collection, aggregation, SLO, topology, and analytics pipelines.","Emit bounded protocol/vendor/attribute/direction/outcome telemetry without secrets or unsafe cardinality.","Define SLOs, sampling, label budgets, retention, privacy, alert routing, and release error budgets.","Store traces/metrics/events/rollups/topology/capacity with partitions, retention, and warehouse export.","Add query, SLO, trace, topology, capacity, report, and export APIs with pagination and tenancy.","Add SLO, trace, vendor, topology, capacity, charging, trend, and certified dashboard views.","Telemetry correctness, cardinality, redaction, loss, load, retention, alert, SLO, and upgrade tests.","Telemetry schema, SLO catalog, dashboards, capacity model, privacy, and troubleshooting.","All named behavior for Topology, dependency, and capacity forecasting passes unit, integration, negative, upgrade, rollback, HA, and applicable real-device tests; API/UI expose effective state and evidence; no silent fallback or unsupported claim remains.","Production readiness requires non-placeholder identity, secure secrets, migration and rollback proof, SLOs, capacity limits, HA behavior, signed evidence, exact vendor/product/firmware scope, and zero unresolved Critical defects."
"NAS-0111","Certified dashboards, charge reports, and executive exports","Phase 12 - Monitoring and Reporting","Observability","All major vendors","All dictionaries","RFC 2866","Medium","NAS-0041;NAS-0107;NAS-0108;NAS-0109;NAS-0110","L","Partial","Many exports exist; no vendor-certified dashboards, billing reports, SLO views, or long-horizon executive reporting.","Instrument services and build bounded collection, aggregation, SLO, topology, and analytics pipelines.","Emit bounded protocol/vendor/attribute/direction/outcome telemetry without secrets or unsafe cardinality.","Define SLOs, sampling, label budgets, retention, privacy, alert routing, and release error budgets.","Store traces/metrics/events/rollups/topology/capacity with partitions, retention, and warehouse export.","Add query, SLO, trace, topology, capacity, report, and export APIs with pagination and tenancy.","Add SLO, trace, vendor, topology, capacity, charging, trend, and certified dashboard views.","Telemetry correctness, cardinality, redaction, loss, load, retention, alert, SLO, and upgrade tests.","Telemetry schema, SLO catalog, dashboards, capacity model, privacy, and troubleshooting.","All named behavior for Certified dashboards, charge reports, and executive exports passes unit, integration, negative, upgrade, rollback, HA, and applicable real-device tests; API/UI expose effective state and evidence; no silent fallback or unsupported claim remains.","Production readiness requires non-placeholder identity, secure secrets, migration and rollback proof, SLOs, capacity limits, HA behavior, signed evidence, exact vendor/product/firmware scope, and zero unresolved Critical defects."
"NAS-0112","Vault, HSM, TPM, and envelope encryption","Phase 13 - Security","Security","All","All secret-bearing dictionaries","RFC 6614","Critical","NAS-0007;NAS-0008","XL","Missing","No external secret manager, hardware-backed keys, envelope encryption, attestation, or provider HA.","Implement centralized security controls, provider integrations, rotation jobs, attestation, and fail-closed validation.","Apply protocol hardening, identity verification, anti-replay, bounds, and rate controls where applicable.","Define cryptographic, access, privacy, recovery, dual-control, and exception policy.","Store only references/encrypted material, key versions, approvals, access evidence, retention, and deletion proofs.","Add secure lifecycle, rotation, attestation, exception, access-review, and audit APIs without secret disclosure.","Add security posture, expiry/rotation, MFA, approval, compliance, and exception workflows.","Threat-model, negative auth, rotation, recovery, crypto, fuzz, pentest, isolation, and supply-chain tests.","Threat model, key ceremony, incident response, compliance profile, and secure operations runbooks.","All named behavior for Vault, HSM, TPM, and envelope encryption passes unit, integration, negative, upgrade, rollback, HA, and applicable real-device tests; API/UI expose effective state and evidence; no silent fallback or unsupported claim remains.","Production readiness requires non-placeholder identity, secure secrets, migration and rollback proof, SLOs, capacity limits, HA behavior, signed evidence, exact vendor/product/firmware scope, and zero unresolved Critical defects."
"NAS-0113","Automated credential, CA, and token rotation","Phase 13 - Security","Security","All vendors/controllers","All","RFC 5280;RFC 6614","Critical","NAS-0027;NAS-0112","L","Partial","No formal scheduled rotation, overlap, revocation, rollback, service reload, or evidence workflow.","Implement centralized security controls, provider integrations, rotation jobs, attestation, and fail-closed validation.","Apply protocol hardening, identity verification, anti-replay, bounds, and rate controls where applicable.","Define cryptographic, access, privacy, recovery, dual-control, and exception policy.","Store only references/encrypted material, key versions, approvals, access evidence, retention, and deletion proofs.","Add secure lifecycle, rotation, attestation, exception, access-review, and audit APIs without secret disclosure.","Add security posture, expiry/rotation, MFA, approval, compliance, and exception workflows.","Threat-model, negative auth, rotation, recovery, crypto, fuzz, pentest, isolation, and supply-chain tests.","Threat model, key ceremony, incident response, compliance profile, and secure operations runbooks.","All named behavior for Automated credential, CA, and token rotation passes unit, integration, negative, upgrade, rollback, HA, and applicable real-device tests; API/UI expose effective state and evidence; no silent fallback or unsupported claim remains.","Production readiness requires non-placeholder identity, secure secrets, migration and rollback proof, SLOs, capacity limits, HA behavior, signed evidence, exact vendor/product/firmware scope, and zero unresolved Critical defects."
"NAS-0114","Administrative MFA and break-glass governance","Phase 13 - Security","Security","All","N/A","WebAuthn Level 2","Critical","NAS-0021;NAS-0034","L","Missing","SSO/RBAC exists but no enforced MFA, dual-control recovery, sealed credentials, or periodic access review.","Implement centralized security controls, provider integrations, rotation jobs, attestation, and fail-closed validation.","Apply protocol hardening, identity verification, anti-replay, bounds, and rate controls where applicable.","Define cryptographic, access, privacy, recovery, dual-control, and exception policy.","Store only references/encrypted material, key versions, approvals, access evidence, retention, and deletion proofs.","Add secure lifecycle, rotation, attestation, exception, access-review, and audit APIs without secret disclosure.","Add security posture, expiry/rotation, MFA, approval, compliance, and exception workflows.","Threat-model, negative auth, rotation, recovery, crypto, fuzz, pentest, isolation, and supply-chain tests.","Threat model, key ceremony, incident response, compliance profile, and secure operations runbooks.","All named behavior for Administrative MFA and break-glass governance passes unit, integration, negative, upgrade, rollback, HA, and applicable real-device tests; API/UI expose effective state and evidence; no silent fallback or unsupported claim remains.","Production readiness requires non-placeholder identity, secure secrets, migration and rollback proof, SLOs, capacity limits, HA behavior, signed evidence, exact vendor/product/firmware scope, and zero unresolved Critical defects."
"NAS-0115","FIPS and cryptographic policy profiles","Phase 13 - Security","Security","All regulated deployments","N/A","FIPS 140-3","High","NAS-0007;NAS-0112","XL","Missing","No approved algorithm profile, provider validation, key-size policy, startup self-test, or compliance evidence.","Implement centralized security controls, provider integrations, rotation jobs, attestation, and fail-closed validation.","Apply protocol hardening, identity verification, anti-replay, bounds, and rate controls where applicable.","Define cryptographic, access, privacy, recovery, dual-control, and exception policy.","Store only references/encrypted material, key versions, approvals, access evidence, retention, and deletion proofs.","Add secure lifecycle, rotation, attestation, exception, access-review, and audit APIs without secret disclosure.","Add security posture, expiry/rotation, MFA, approval, compliance, and exception workflows.","Threat-model, negative auth, rotation, recovery, crypto, fuzz, pentest, isolation, and supply-chain tests.","Threat model, key ceremony, incident response, compliance profile, and secure operations runbooks.","All named behavior for FIPS and cryptographic policy profiles passes unit, integration, negative, upgrade, rollback, HA, and applicable real-device tests; API/UI expose effective state and evidence; no silent fallback or unsupported claim remains.","Production readiness requires non-placeholder identity, secure secrets, migration and rollback proof, SLOs, capacity limits, HA behavior, signed evidence, exact vendor/product/firmware scope, and zero unresolved Critical defects."
"NAS-0116","SBOM, signing, provenance, and vulnerability gates","Phase 13 - Security","Security","All","N/A","SLSA","Critical","NAS-0001","L","Partial","Image signing exists partially; no complete SBOM attestation, dependency policy, provenance, CVE SLA, or release block.","Implement centralized security controls, provider integrations, rotation jobs, attestation, and fail-closed validation.","Apply protocol hardening, identity verification, anti-replay, bounds, and rate controls where applicable.","Define cryptographic, access, privacy, recovery, dual-control, and exception policy.","Store only references/encrypted material, key versions, approvals, access evidence, retention, and deletion proofs.","Add secure lifecycle, rotation, attestation, exception, access-review, and audit APIs without secret disclosure.","Add security posture, expiry/rotation, MFA, approval, compliance, and exception workflows.","Threat-model, negative auth, rotation, recovery, crypto, fuzz, pentest, isolation, and supply-chain tests.","Threat model, key ceremony, incident response, compliance profile, and secure operations runbooks.","All named behavior for SBOM, signing, provenance, and vulnerability gates passes unit, integration, negative, upgrade, rollback, HA, and applicable real-device tests; API/UI expose effective state and evidence; no silent fallback or unsupported claim remains.","Production readiness requires non-placeholder identity, secure secrets, migration and rollback proof, SLOs, capacity limits, HA behavior, signed evidence, exact vendor/product/firmware scope, and zero unresolved Critical defects."
"NAS-0117","Independent security audit, fuzz review, and penetration test","Phase 13 - Security","Security","All","All protocols","OWASP ASVS","Critical","NAS-0122;NAS-0115","XL","Missing","No external architecture review, protocol audit, web/API pentest, remediation SLA, or retest attestation.","Implement centralized security controls, provider integrations, rotation jobs, attestation, and fail-closed validation.","Apply protocol hardening, identity verification, anti-replay, bounds, and rate controls where applicable.","Define cryptographic, access, privacy, recovery, dual-control, and exception policy.","Store only references/encrypted material, key versions, approvals, access evidence, retention, and deletion proofs.","Add secure lifecycle, rotation, attestation, exception, access-review, and audit APIs without secret disclosure.","Add security posture, expiry/rotation, MFA, approval, compliance, and exception workflows.","Threat-model, negative auth, rotation, recovery, crypto, fuzz, pentest, isolation, and supply-chain tests.","Threat model, key ceremony, incident response, compliance profile, and secure operations runbooks.","All named behavior for Independent security audit, fuzz review, and penetration test passes unit, integration, negative, upgrade, rollback, HA, and applicable real-device tests; API/UI expose effective state and evidence; no silent fallback or unsupported claim remains.","Production readiness requires non-placeholder identity, secure secrets, migration and rollback proof, SLOs, capacity limits, HA behavior, signed evidence, exact vendor/product/firmware scope, and zero unresolved Critical defects."
"NAS-0118","Data-at-rest, tenant, privacy, and residency controls","Phase 13 - Security","Security","All multi-tenant deployments","Tenant/location families","No direct RFC; internal architecture and applicable product/security standards","Critical","NAS-0008;NAS-0034;NAS-0112","XL","Partial","No hard row encryption/isolation, tenant keys, residency routing, deletion proof, DLP, or isolation pentest.","Implement centralized security controls, provider integrations, rotation jobs, attestation, and fail-closed validation.","Apply protocol hardening, identity verification, anti-replay, bounds, and rate controls where applicable.","Define cryptographic, access, privacy, recovery, dual-control, and exception policy.","Store only references/encrypted material, key versions, approvals, access evidence, retention, and deletion proofs.","Add secure lifecycle, rotation, attestation, exception, access-review, and audit APIs without secret disclosure.","Add security posture, expiry/rotation, MFA, approval, compliance, and exception workflows.","Threat-model, negative auth, rotation, recovery, crypto, fuzz, pentest, isolation, and supply-chain tests.","Threat model, key ceremony, incident response, compliance profile, and secure operations runbooks.","All named behavior for Data-at-rest, tenant, privacy, and residency controls passes unit, integration, negative, upgrade, rollback, HA, and applicable real-device tests; API/UI expose effective state and evidence; no silent fallback or unsupported claim remains.","Production readiness requires non-placeholder identity, secure secrets, migration and rollback proof, SLOs, capacity limits, HA behavior, signed evidence, exact vendor/product/firmware scope, and zero unresolved Critical defects."
"NAS-0119","Protocol rate limits, abuse controls, and DDoS resilience","Phase 13 - Security","Security","All","All network dictionaries","RFC 2865","High","NAS-0009;NAS-0107","L","Partial","Basic firewall limits exist; no adaptive per-client quotas, challenge throttles, queue protection, or soak proof.","Implement centralized security controls, provider integrations, rotation jobs, attestation, and fail-closed validation.","Apply protocol hardening, identity verification, anti-replay, bounds, and rate controls where applicable.","Define cryptographic, access, privacy, recovery, dual-control, and exception policy.","Store only references/encrypted material, key versions, approvals, access evidence, retention, and deletion proofs.","Add secure lifecycle, rotation, attestation, exception, access-review, and audit APIs without secret disclosure.","Add security posture, expiry/rotation, MFA, approval, compliance, and exception workflows.","Threat-model, negative auth, rotation, recovery, crypto, fuzz, pentest, isolation, and supply-chain tests.","Threat model, key ceremony, incident response, compliance profile, and secure operations runbooks.","All named behavior for Protocol rate limits, abuse controls, and DDoS resilience passes unit, integration, negative, upgrade, rollback, HA, and applicable real-device tests; API/UI expose effective state and evidence; no silent fallback or unsupported claim remains.","Production readiness requires non-placeholder identity, secure secrets, migration and rollback proof, SLOs, capacity limits, HA behavior, signed evidence, exact vendor/product/firmware scope, and zero unresolved Critical defects."
"NAS-0120","Secure captive portal, consent, and identity privacy","Phase 13 - Security","Security","All hotspot/guest vendors","WISPr; ChilliSpot; Nomadix","RFC 8910","High","NAS-0081;NAS-0117","L","Partial","No HTTPS/captive API strategy, legal-consent versioning, multilingual policy, IdP/social privacy, abuse, or data minimization.","Implement centralized security controls, provider integrations, rotation jobs, attestation, and fail-closed validation.","Apply protocol hardening, identity verification, anti-replay, bounds, and rate controls where applicable.","Define cryptographic, access, privacy, recovery, dual-control, and exception policy.","Store only references/encrypted material, key versions, approvals, access evidence, retention, and deletion proofs.","Add secure lifecycle, rotation, attestation, exception, access-review, and audit APIs without secret disclosure.","Add security posture, expiry/rotation, MFA, approval, compliance, and exception workflows.","Threat-model, negative auth, rotation, recovery, crypto, fuzz, pentest, isolation, and supply-chain tests.","Threat model, key ceremony, incident response, compliance profile, and secure operations runbooks.","All named behavior for Secure captive portal, consent, and identity privacy passes unit, integration, negative, upgrade, rollback, HA, and applicable real-device tests; API/UI expose effective state and evidence; no silent fallback or unsupported claim remains.","Production readiness requires non-placeholder identity, secure secrets, migration and rollback proof, SLOs, capacity limits, HA behavior, signed evidence, exact vendor/product/firmware scope, and zero unresolved Critical defects."
"NAS-0121","Golden packet vectors for every classified attribute","Phase 14 - Certification","Certification","All 196 namespaces","All 7,654 attributes","RFC 2865;RFC 2866;RFC 5176","Critical","NAS-0002;NAS-0003;NAS-0004;NAS-0005","XL","Missing","Only limited tests exist; every direction/type/cardinality/enum needs authoritative positive vectors.","Extend deterministic certification harnesses, artifact manifests, evidence signing, and release integration.","Create authoritative positive/negative vectors, captures, decoders, and protocol/version matrices.","Define pass/fail gates, waivers, firmware scope, drift tolerance, evidence expiry, and recertification triggers.","Index certification runs, product/firmware versions, artifacts, failures, waivers, and expiry.","Expose lab plans, runs, artifacts, matrix, waivers, and readiness status.","Add certification matrix, run status, evidence, failures, waivers, and expiry views.","Execute the named unit/integration/fuzz/hardware/scale/soak/upgrade/rollback matrix.","Lab topology, legal/vendor prerequisites, exact procedures, expected evidence, and signed results.","All named behavior for Golden packet vectors for every classified attribute passes unit, integration, negative, upgrade, rollback, HA, and applicable real-device tests; API/UI expose effective state and evidence; no silent fallback or unsupported claim remains.","Production readiness requires non-placeholder identity, secure secrets, migration and rollback proof, SLOs, capacity limits, HA behavior, signed evidence, exact vendor/product/firmware scope, and zero unresolved Critical defects."
"NAS-0122","Malformed packet, property, and fuzz corpus","Phase 14 - Certification","Certification","All","All dictionaries","RFC 2865","Critical","NAS-0005;NAS-0009","XL","Missing","No comprehensive malformed length/tag/group/repeat/AVPair corpus, continuous fuzzing, or crash triage SLA.","Extend deterministic certification harnesses, artifact manifests, evidence signing, and release integration.","Create authoritative positive/negative vectors, captures, decoders, and protocol/version matrices.","Define pass/fail gates, waivers, firmware scope, drift tolerance, evidence expiry, and recertification triggers.","Index certification runs, product/firmware versions, artifacts, failures, waivers, and expiry.","Expose lab plans, runs, artifacts, matrix, waivers, and readiness status.","Add certification matrix, run status, evidence, failures, waivers, and expiry views.","Execute the named unit/integration/fuzz/hardware/scale/soak/upgrade/rollback matrix.","Lab topology, legal/vendor prerequisites, exact procedures, expected evidence, and signed results.","All named behavior for Malformed packet, property, and fuzz corpus passes unit, integration, negative, upgrade, rollback, HA, and applicable real-device tests; API/UI expose effective state and evidence; no silent fallback or unsupported claim remains.","Production readiness requires non-placeholder identity, secure secrets, migration and rollback proof, SLOs, capacity limits, HA behavior, signed evidence, exact vendor/product/firmware scope, and zero unresolved Critical defects."
"NAS-0123","FreeRADIUS version and transport interoperability lab","Phase 14 - Certification","Certification","All","FreeRADIUS; all dictionaries","RFC 2865;RFC 6614;RFC 9765;RFC 9813","Critical","NAS-0003;NAS-0014;NAS-0121","L","Partial","Need supported-version matrix, UDP/RadSec/PSK, proxy, accounting, CoA, upgrade, and downgrade proof.","Extend deterministic certification harnesses, artifact manifests, evidence signing, and release integration.","Create authoritative positive/negative vectors, captures, decoders, and protocol/version matrices.","Define pass/fail gates, waivers, firmware scope, drift tolerance, evidence expiry, and recertification triggers.","Index certification runs, product/firmware versions, artifacts, failures, waivers, and expiry.","Expose lab plans, runs, artifacts, matrix, waivers, and readiness status.","Add certification matrix, run status, evidence, failures, waivers, and expiry views.","Execute the named unit/integration/fuzz/hardware/scale/soak/upgrade/rollback matrix.","Lab topology, legal/vendor prerequisites, exact procedures, expected evidence, and signed results.","All named behavior for FreeRADIUS version and transport interoperability lab passes unit, integration, negative, upgrade, rollback, HA, and applicable real-device tests; API/UI expose effective state and evidence; no silent fallback or unsupported claim remains.","Production readiness requires non-placeholder identity, secure secrets, migration and rollback proof, SLOs, capacity limits, HA behavior, signed evidence, exact vendor/product/firmware scope, and zero unresolved Critical defects."
"NAS-0124","Enterprise access hardware/controller matrix","Phase 14 - Certification","Certification","Cisco; Aruba; Juniper; Ruckus; Fortinet; PaloAlto; Meraki; UniFi; Cambium; TPLink; Dlink; Dell; Brocade; Extreme","Enterprise wave dictionaries","RFC 2865;RFC 5176","Critical","NAS-0061..NAS-0073;NAS-0121","XL","Missing","No comprehensive product/firmware/controller/AP/switch/firewall evidence matrix.","Extend deterministic certification harnesses, artifact manifests, evidence signing, and release integration.","Create authoritative positive/negative vectors, captures, decoders, and protocol/version matrices.","Define pass/fail gates, waivers, firmware scope, drift tolerance, evidence expiry, and recertification triggers.","Index certification runs, product/firmware versions, artifacts, failures, waivers, and expiry.","Expose lab plans, runs, artifacts, matrix, waivers, and readiness status.","Add certification matrix, run status, evidence, failures, waivers, and expiry views.","Execute the named unit/integration/fuzz/hardware/scale/soak/upgrade/rollback matrix.","Lab topology, legal/vendor prerequisites, exact procedures, expected evidence, and signed results.","All named behavior for Enterprise access hardware/controller matrix passes unit, integration, negative, upgrade, rollback, HA, and applicable real-device tests; API/UI expose effective state and evidence; no silent fallback or unsupported claim remains.","Production readiness requires non-placeholder identity, secure secrets, migration and rollback proof, SLOs, capacity limits, HA behavior, signed evidence, exact vendor/product/firmware scope, and zero unresolved Critical defects."
"NAS-0125","Broadband and BNG certification lab","Phase 14 - Certification","Certification","ERX; Huawei; H3C; Nokia; ZTE; MikroTik; Ericsson; Calix; Adtran; Alphion","Broadband dictionaries","RFC 2516;RFC 2866","High","NAS-0068..NAS-0070;NAS-0082..NAS-0091","XL","Missing","No PPPoE/subscriber/QoS/route/IPv6/accounting/failover hardware evidence.","Extend deterministic certification harnesses, artifact manifests, evidence signing, and release integration.","Create authoritative positive/negative vectors, captures, decoders, and protocol/version matrices.","Define pass/fail gates, waivers, firmware scope, drift tolerance, evidence expiry, and recertification triggers.","Index certification runs, product/firmware versions, artifacts, failures, waivers, and expiry.","Expose lab plans, runs, artifacts, matrix, waivers, and readiness status.","Add certification matrix, run status, evidence, failures, waivers, and expiry views.","Execute the named unit/integration/fuzz/hardware/scale/soak/upgrade/rollback matrix.","Lab topology, legal/vendor prerequisites, exact procedures, expected evidence, and signed results.","All named behavior for Broadband and BNG certification lab passes unit, integration, negative, upgrade, rollback, HA, and applicable real-device tests; API/UI expose effective state and evidence; no silent fallback or unsupported claim remains.","Production readiness requires non-placeholder identity, secure secrets, migration and rollback proof, SLOs, capacity limits, HA behavior, signed evidence, exact vendor/product/firmware scope, and zero unresolved Critical defects."
"NAS-0126","Mobile, WiMAX, cable, voice, and charging lab","Phase 14 - Certification","Certification","3GPP;3GPP2;Starent;Ericsson;WiMAX;CableLabs;voice vendors","Telecom dictionaries","RFC 2866","High","NAS-0092..NAS-0098","XL","Missing","No telecom simulators, charging reconciliation, grouped AVP vectors, scale, or real-system evidence.","Extend deterministic certification harnesses, artifact manifests, evidence signing, and release integration.","Create authoritative positive/negative vectors, captures, decoders, and protocol/version matrices.","Define pass/fail gates, waivers, firmware scope, drift tolerance, evidence expiry, and recertification triggers.","Index certification runs, product/firmware versions, artifacts, failures, waivers, and expiry.","Expose lab plans, runs, artifacts, matrix, waivers, and readiness status.","Add certification matrix, run status, evidence, failures, waivers, and expiry views.","Execute the named unit/integration/fuzz/hardware/scale/soak/upgrade/rollback matrix.","Lab topology, legal/vendor prerequisites, exact procedures, expected evidence, and signed results.","All named behavior for Mobile, WiMAX, cable, voice, and charging lab passes unit, integration, negative, upgrade, rollback, HA, and applicable real-device tests; API/UI expose effective state and evidence; no silent fallback or unsupported claim remains.","Production readiness requires non-placeholder identity, secure secrets, migration and rollback proof, SLOs, capacity limits, HA behavior, signed evidence, exact vendor/product/firmware scope, and zero unresolved Critical defects."
"NAS-0127","Performance, scale, and resource-tier benchmarks","Phase 14 - Certification","Certification","All","All","No direct RFC; internal architecture and applicable product/security standards","Critical","NAS-0012;NAS-0107;NAS-0118","XL","Missing","No published auth/accounting/CoA rates, latency, connection, session, queue, DB, or Lite/Branch/Enterprise limits.","Extend deterministic certification harnesses, artifact manifests, evidence signing, and release integration.","Create authoritative positive/negative vectors, captures, decoders, and protocol/version matrices.","Define pass/fail gates, waivers, firmware scope, drift tolerance, evidence expiry, and recertification triggers.","Index certification runs, product/firmware versions, artifacts, failures, waivers, and expiry.","Expose lab plans, runs, artifacts, matrix, waivers, and readiness status.","Add certification matrix, run status, evidence, failures, waivers, and expiry views.","Execute the named unit/integration/fuzz/hardware/scale/soak/upgrade/rollback matrix.","Lab topology, legal/vendor prerequisites, exact procedures, expected evidence, and signed results.","All named behavior for Performance, scale, and resource-tier benchmarks passes unit, integration, negative, upgrade, rollback, HA, and applicable real-device tests; API/UI expose effective state and evidence; no silent fallback or unsupported claim remains.","Production readiness requires non-placeholder identity, secure secrets, migration and rollback proof, SLOs, capacity limits, HA behavior, signed evidence, exact vendor/product/firmware scope, and zero unresolved Critical defects."
"NAS-0128","HA partition, failover, upgrade, rollback, and 30-day soak","Phase 14 - Certification","Certification","All","All","RFC 5176","Critical","NAS-0101..NAS-0105;NAS-0127","XL","Partial","Runbooks exist but no release-candidate partition matrix, repeated failover, rolling upgrade, rollback, and 30-day evidence.","Extend deterministic certification harnesses, artifact manifests, evidence signing, and release integration.","Create authoritative positive/negative vectors, captures, decoders, and protocol/version matrices.","Define pass/fail gates, waivers, firmware scope, drift tolerance, evidence expiry, and recertification triggers.","Index certification runs, product/firmware versions, artifacts, failures, waivers, and expiry.","Expose lab plans, runs, artifacts, matrix, waivers, and readiness status.","Add certification matrix, run status, evidence, failures, waivers, and expiry views.","Execute the named unit/integration/fuzz/hardware/scale/soak/upgrade/rollback matrix.","Lab topology, legal/vendor prerequisites, exact procedures, expected evidence, and signed results.","All named behavior for HA partition, failover, upgrade, rollback, and 30-day soak passes unit, integration, negative, upgrade, rollback, HA, and applicable real-device tests; API/UI expose effective state and evidence; no silent fallback or unsupported claim remains.","Production readiness requires non-placeholder identity, secure secrets, migration and rollback proof, SLOs, capacity limits, HA behavior, signed evidence, exact vendor/product/firmware scope, and zero unresolved Critical defects."
"NAS-0129","API, controller, MDM, SSO, SIEM, and CA contract certification","Phase 14 - Certification","Certification","All integrations","N/A","OpenAPI 3.0","High","NAS-0019;NAS-0078;NAS-0119","L","Partial","Mocks exist; no provider/version contract suite, rate-limit/expiry scenarios, customer-environment matrix, or compatibility SLA.","Extend deterministic certification harnesses, artifact manifests, evidence signing, and release integration.","Create authoritative positive/negative vectors, captures, decoders, and protocol/version matrices.","Define pass/fail gates, waivers, firmware scope, drift tolerance, evidence expiry, and recertification triggers.","Index certification runs, product/firmware versions, artifacts, failures, waivers, and expiry.","Expose lab plans, runs, artifacts, matrix, waivers, and readiness status.","Add certification matrix, run status, evidence, failures, waivers, and expiry views.","Execute the named unit/integration/fuzz/hardware/scale/soak/upgrade/rollback matrix.","Lab topology, legal/vendor prerequisites, exact procedures, expected evidence, and signed results.","All named behavior for API, controller, MDM, SSO, SIEM, and CA contract certification passes unit, integration, negative, upgrade, rollback, HA, and applicable real-device tests; API/UI expose effective state and evidence; no silent fallback or unsupported claim remains.","Production readiness requires non-placeholder identity, secure secrets, migration and rollback proof, SLOs, capacity limits, HA behavior, signed evidence, exact vendor/product/firmware scope, and zero unresolved Critical defects."
"NAS-0130","Published support and end-of-life policy","Phase 15 - Release Readiness","Release","All","All","No direct RFC; internal architecture and applicable product/security standards","Critical","NAS-0123..NAS-0129","M","Missing","No formal supported hardware/software/dictionary/firmware windows, patch SLA, deprecation, or EOL policy.","Implement release policy automation, support metadata, migration/rollback/backup orchestration, and claim gates.","Pin and regression-test protocol/dictionary behavior across supported release windows.","Define support/EOL, compatibility claims, release blockers, waivers, RPO/RTO, and not-applicable governance.","Store release manifests, compatibility evidence, support windows, migrations, backups, attestations, and approvals.","Expose release readiness, compatibility, support, migration, backup/restore, and evidence endpoints.","Add release gate, support lifecycle, compatibility, migration, backup/restore, and approval views.","Install/upgrade/downgrade/restore, skipped versions, supported matrices, disaster drills, and release-candidate acceptance.","Release policy, support/EOL, compatibility catalog, installer/migration, backup/DR, and claim governance.","All named behavior for Published support and end-of-life policy passes unit, integration, negative, upgrade, rollback, HA, and applicable real-device tests; API/UI expose effective state and evidence; no silent fallback or unsupported claim remains.","Production readiness requires non-placeholder identity, secure secrets, migration and rollback proof, SLOs, capacity limits, HA behavior, signed evidence, exact vendor/product/firmware scope, and zero unresolved Critical defects."
"NAS-0131","Exact compatibility catalog and evidence publication","Phase 15 - Release Readiness","Release","All 196 namespaces","All dictionaries","RFC 2865","Critical","NAS-0004;NAS-0060;NAS-0121..NAS-0126","L","Partial","Need public exact vendor/product/firmware/transport/attribute/direction/state evidence and exclusions.","Implement release policy automation, support metadata, migration/rollback/backup orchestration, and claim gates.","Pin and regression-test protocol/dictionary behavior across supported release windows.","Define support/EOL, compatibility claims, release blockers, waivers, RPO/RTO, and not-applicable governance.","Store release manifests, compatibility evidence, support windows, migrations, backups, attestations, and approvals.","Expose release readiness, compatibility, support, migration, backup/restore, and evidence endpoints.","Add release gate, support lifecycle, compatibility, migration, backup/restore, and approval views.","Install/upgrade/downgrade/restore, skipped versions, supported matrices, disaster drills, and release-candidate acceptance.","Release policy, support/EOL, compatibility catalog, installer/migration, backup/DR, and claim governance.","All named behavior for Exact compatibility catalog and evidence publication passes unit, integration, negative, upgrade, rollback, HA, and applicable real-device tests; API/UI expose effective state and evidence; no silent fallback or unsupported claim remains.","Production readiness requires non-placeholder identity, secure secrets, migration and rollback proof, SLOs, capacity limits, HA behavior, signed evidence, exact vendor/product/firmware scope, and zero unresolved Critical defects."
"NAS-0132","Automated production release gates","Phase 15 - Release Readiness","Release","All","All","No direct RFC; internal architecture and applicable product/security standards","Critical","NAS-0107;NAS-0115;NAS-0121..NAS-0129","L","Missing","No single gate enforcing tests, SLO, PEN, security, migrations, compatibility, SBOM, and evidence.","Implement release policy automation, support metadata, migration/rollback/backup orchestration, and claim gates.","Pin and regression-test protocol/dictionary behavior across supported release windows.","Define support/EOL, compatibility claims, release blockers, waivers, RPO/RTO, and not-applicable governance.","Store release manifests, compatibility evidence, support windows, migrations, backups, attestations, and approvals.","Expose release readiness, compatibility, support, migration, backup/restore, and evidence endpoints.","Add release gate, support lifecycle, compatibility, migration, backup/restore, and approval views.","Install/upgrade/downgrade/restore, skipped versions, supported matrices, disaster drills, and release-candidate acceptance.","Release policy, support/EOL, compatibility catalog, installer/migration, backup/DR, and claim governance.","All named behavior for Automated production release gates passes unit, integration, negative, upgrade, rollback, HA, and applicable real-device tests; API/UI expose effective state and evidence; no silent fallback or unsupported claim remains.","Production readiness requires non-placeholder identity, secure secrets, migration and rollback proof, SLOs, capacity limits, HA behavior, signed evidence, exact vendor/product/firmware scope, and zero unresolved Critical defects."
"NAS-0133","Installer, migration, rolling update, and downgrade safety","Phase 15 - Release Readiness","Release","All","FreeRADIUS; AegisNAS","RFC 2865","Critical","NAS-0001;NAS-0003;NAS-0104;NAS-0128","XL","Partial","Upgrade tooling exists but needs version-skipping, rolling cluster, schema compatibility, firmware matrix, and signed rollback proof.","Implement release policy automation, support metadata, migration/rollback/backup orchestration, and claim gates.","Pin and regression-test protocol/dictionary behavior across supported release windows.","Define support/EOL, compatibility claims, release blockers, waivers, RPO/RTO, and not-applicable governance.","Store release manifests, compatibility evidence, support windows, migrations, backups, attestations, and approvals.","Expose release readiness, compatibility, support, migration, backup/restore, and evidence endpoints.","Add release gate, support lifecycle, compatibility, migration, backup/restore, and approval views.","Install/upgrade/downgrade/restore, skipped versions, supported matrices, disaster drills, and release-candidate acceptance.","Release policy, support/EOL, compatibility catalog, installer/migration, backup/DR, and claim governance.","All named behavior for Installer, migration, rolling update, and downgrade safety passes unit, integration, negative, upgrade, rollback, HA, and applicable real-device tests; API/UI expose effective state and evidence; no silent fallback or unsupported claim remains.","Production readiness requires non-placeholder identity, secure secrets, migration and rollback proof, SLOs, capacity limits, HA behavior, signed evidence, exact vendor/product/firmware scope, and zero unresolved Critical defects."
"NAS-0134","Backup, restore, geo-DR, and recovery objectives","Phase 15 - Release Readiness","Release","All","N/A","No direct RFC; internal architecture and applicable product/security standards","Critical","NAS-0105;NAS-0128","L","Partial","Runbooks exist; need automated off-device backup, encrypted retention, restore verification, geo drills, and measured RPO/RTO.","Implement release policy automation, support metadata, migration/rollback/backup orchestration, and claim gates.","Pin and regression-test protocol/dictionary behavior across supported release windows.","Define support/EOL, compatibility claims, release blockers, waivers, RPO/RTO, and not-applicable governance.","Store release manifests, compatibility evidence, support windows, migrations, backups, attestations, and approvals.","Expose release readiness, compatibility, support, migration, backup/restore, and evidence endpoints.","Add release gate, support lifecycle, compatibility, migration, backup/restore, and approval views.","Install/upgrade/downgrade/restore, skipped versions, supported matrices, disaster drills, and release-candidate acceptance.","Release policy, support/EOL, compatibility catalog, installer/migration, backup/DR, and claim governance.","All named behavior for Backup, restore, geo-DR, and recovery objectives passes unit, integration, negative, upgrade, rollback, HA, and applicable real-device tests; API/UI expose effective state and evidence; no silent fallback or unsupported claim remains.","Production readiness requires non-placeholder identity, secure secrets, migration and rollback proof, SLOs, capacity limits, HA behavior, signed evidence, exact vendor/product/firmware scope, and zero unresolved Critical defects."
"NAS-0135","Product scope, not-applicable governance, and claim control","Phase 15 - Release Readiness","Release","All vendors","All dictionaries","No direct RFC; internal architecture and applicable product/security standards","Critical","NAS-0003;NAS-0004;NAS-0131","M","Missing","No board-approved process to classify attributes implemented, governed pass-through, or not applicable and control marketing claims.","Implement release policy automation, support metadata, migration/rollback/backup orchestration, and claim gates.","Pin and regression-test protocol/dictionary behavior across supported release windows.","Define support/EOL, compatibility claims, release blockers, waivers, RPO/RTO, and not-applicable governance.","Store release manifests, compatibility evidence, support windows, migrations, backups, attestations, and approvals.","Expose release readiness, compatibility, support, migration, backup/restore, and evidence endpoints.","Add release gate, support lifecycle, compatibility, migration, backup/restore, and approval views.","Install/upgrade/downgrade/restore, skipped versions, supported matrices, disaster drills, and release-candidate acceptance.","Release policy, support/EOL, compatibility catalog, installer/migration, backup/DR, and claim governance.","All named behavior for Product scope, not-applicable governance, and claim control passes unit, integration, negative, upgrade, rollback, HA, and applicable real-device tests; API/UI expose effective state and evidence; no silent fallback or unsupported claim remains.","Production readiness requires non-placeholder identity, secure secrets, migration and rollback proof, SLOs, capacity limits, HA behavior, signed evidence, exact vendor/product/firmware scope, and zero unresolved Critical defects."
